month,sales
Jul,4253
Aug,4629
Oct,2669
Feb,2915
Oct,7072
May,4678
Nov,4562
Aug,988
Nov,6048
Aug,3578
May,3689
Aug,1823
Jun,1358
May,7126
Nov,8702
Apr,2330
May,7554
Dec,2160
Apr,3998
Jan,2713
Mar,7115
Aug,6798
Jul,1902
Dec,777
Jul,8187
Nov,4813
Mar,7830
Sep,3104
Jun,9086
Aug,828
Aug,9985
Mar,4834
Apr,290
Jun,5094
Feb,3966
Dec,9781
Dec,6139
Nov,6545
Dec,8929
Jul,4145
Feb,6415
Nov,5724
May,4258
Dec,4211
Apr,6934
Sep,9133
Feb,4051
Jul,5320
Jul,4158
Jul,3347
Jan,1316
Aug,6192
Feb,8080
May,9190
Feb,5686
May,7176
Jul,8040
Jun,2322
Dec,9549
May,8079
Apr,1614
Aug,8708
Nov,2983
Aug,3926
Jan,4439
Oct,774
Feb,6389
Mar,202
Jan,4093
Nov,3808
Mar,1595
Oct,3492
Dec,7637
Aug,2885
Apr,5919
Jul,3759
Jul,4980
Nov,5688
May,4902
Dec,4991
Jan,3625
Oct,3617
Apr,4877
Jul,4289
May,7033
Feb,6237
Aug,6354
Feb,2013
Nov,7435
Aug,1250
Nov,4237
Feb,4236
Nov,7829
May,1610
Apr,4015
Jan,6425
Dec,3352
Aug,9035
Oct,4038
Dec,2611
Mar,1173
Apr,2292
Apr,8307
May,7483
Mar,5271
Sep,8398
Apr,4414
Oct,6580
Nov,2957
Nov,4449
Apr,1528
Jun,6823
Aug,6879
Jul,7956
Apr,7400
Apr,6745
May,7770
Oct,3021
May,8266
Dec,7344
Jan,978
Aug,8602
Oct,9406
May,1421
Mar,4475
Mar,9258
Apr,8986
Dec,5105
Jul,8562
May,5736
Jan,5320
Dec,9703
May,3127
May,3224
Jun,1853
Jul,8286
May,5199
Nov,4435
Feb,3385
Feb,8652
Apr,9025
Jan,951
Jul,959
Jan,1450
Mar,5018
Oct,5830
Jul,426
Nov,2220
Dec,1093
Dec,5475
Jun,1866
Jul,9472
May,2064
Aug,6701
Jun,2881
Dec,7119
Apr,3005
Nov,8390
Jan,343
Feb,4137
Dec,8038
Jun,9792
Apr,5594
Mar,2809
Jul,7801
Jul,7895
Feb,7188
Aug,1147
Nov,4478
Jan,9607
Nov,9678
Oct,6644
Jul,6811
Oct,7321
Dec,8713
Jan,7092
Dec,8162
Mar,3901
Mar,5462
Oct,5573
Feb,9703
Oct,4670
May,2552
Apr,2183
Jun,9642
Feb,5263
Apr,4933
Dec,6901
Jul,3440
Jan,3944
Nov,739
Mar,9866
Jan,8196
Feb,8251
Sep,8477
Oct,5500
May,1418
Apr,8819
Dec,3359
Apr,3583
Aug,3119
Dec,4879
Mar,9859
Dec,8866
Dec,1424
Apr,4504
Feb,9504
Jun,6037
Dec,1534
Sep,8829
Dec,7654
Apr,5053
Nov,9866
Jun,8484
Apr,9478
Feb,8766
Jun,4369
Dec,7478
Jul,2537
Apr,4652
Dec,1454
Nov,3500
Jul,7296
Nov,3854
Aug,6365
Nov,258
Mar,6841
Feb,1937
May,4711
Feb,1125
Oct,7912
May,7346
Oct,758
Jun,777
Aug,4146
Jun,3921
Apr,2475
Mar,375
Feb,6959
Jan,1688
Feb,4681
Feb,345
May,9180
Sep,6770
Jan,8292
Apr,2284
Oct,3351
Jul,5963
Nov,3151
Oct,9802
Mar,3871
Aug,9420
Mar,8989
Aug,9380
Feb,2519
May,7496
Apr,2728
Nov,7409
Sep,785
Mar,2856
Dec,5123
Nov,4935
May,2072
Oct,810
Sep,8616
Jun,5185
Feb,5746
Jan,4993
Dec,2694
Nov,1192
Jan,3055
Jul,8503
Dec,9873
Feb,9735
Jul,4243
Jan,8870
Apr,7744
Oct,3097
Nov,5308
Apr,3079
May,3705
Oct,521
Jan,710
Jul,8737
Nov,9252
Feb,230
Dec,2747
Nov,6773
Nov,3829
Feb,4531
Aug,1124
Sep,9944
Jun,7139
Nov,637
Jan,4691
Jan,3183
Nov,607
Jul,4024
Aug,8972
Mar,2712
Sep,4976
Apr,9051
Apr,4323
Mar,3247
Aug,2293
Sep,8182
Jan,2646
Feb,5161
Jan,4755
Apr,1322
Oct,7850
Jul,5119
Jul,3674
Dec,5823
Jun,6646
Nov,3123
May,3380
Nov,9363
Apr,640
Dec,610
Aug,6262
Jul,6802
Nov,444
Nov,5279
Oct,8183
Jan,6472
Jun,2580
Feb,8690
Apr,5919
May,6842
Aug,9586
Jun,7000
Nov,5738
Feb,6000
May,5623
May,3949
Jun,1877
Jan,8671
Aug,3863
Mar,9953
May,3158
Jul,9598
Mar,2565
Oct,4551
Jun,115
May,4510
Jul,2680
Oct,5235
Nov,8048
Mar,2692
Feb,4889
Apr,8360
Mar,8702
Apr,7332
Jul,8193
May,1018
Apr,4935
Jun,9782
Jul,3443
Dec,2586
Nov,6973
May,372
Dec,4654
Jul,919
Mar,5392
Jul,2715
Dec,6169
Mar,5740
Jun,4084
Aug,4990
Jun,7801
Oct,5291
Nov,3081
Mar,3139
Dec,5035
May,702
Sep,7559
Aug,7519
Jun,9724
Sep,8547
Feb,7792
Nov,2587
Sep,1458
Oct,789
Oct,8599
Jun,6231
Sep,9988
Dec,3266
Apr,8700
May,925
Feb,1291
Mar,5747
Jan,6885
Apr,6913
Dec,5741
Feb,633
Dec,6610
Feb,1307
Jan,8708
Oct,1337
Dec,5043
Feb,4865
Apr,4936
Jun,559
Dec,8941
Jul,219
Jul,4868
Jul,6080
Apr,8609
Dec,6581
May,6398
Nov,9159
Dec,3326
Mar,8685
Jan,2652
Aug,5478
Oct,3328
Nov,176
Jul,3510
Sep,508
Oct,4192
Apr,2367
Dec,9035
Dec,4628
May,5674
May,5873
Jul,3934
Sep,4097
Aug,7407
Jul,9279
Jan,5717
Dec,2801
Oct,3812
Jun,4007
Oct,9046
Sep,775
Jul,5027
Jan,5449
Sep,6268
Mar,3575
Sep,6916
Apr,641
Sep,264
Aug,7192
Jul,1084
Apr,2761
Sep,4568
Apr,717
Jan,8360
Jun,5739
Apr,4296
Oct,100
Mar,8477
Dec,4538
May,4908
Mar,3179
Nov,6819
Sep,8427
Dec,6118
Jun,482
Mar,1027
May,5159
Aug,660
Aug,1289
Jun,997
May,2468
May,5053
Jan,7998
Feb,4480
Dec,2498
Nov,6326
Apr,5843
Jun,9685
Nov,2688
Jul,6456
Jan,3785
Aug,9221
Dec,4409
Jan,4499
Sep,3326
Apr,1503
Dec,8491
Jul,2385
Nov,8962
Jun,1828
Sep,1349
Feb,978
Nov,2623
Jul,597
Nov,9269
May,7802
Jul,7678
Jan,4979
Nov,638
Nov,9192
Oct,1566
Sep,7814
Jan,1833
May,590
Aug,1809
Jan,6811
Jul,2018
Feb,8266
Jul,6125
Jul,9778
Sep,6199
Jun,9792
Apr,297
Jul,9826
Jul,1813
Apr,9640
Feb,4883
Nov,8202
Sep,3944
Aug,695
May,8430
May,1114
Jan,341
Nov,2463
Sep,832
Nov,234
Oct,3861
Nov,2726
Aug,7279
May,1610
Oct,2896
Jun,7007
Dec,4612
Oct,4402
Nov,1743
Oct,4506
Aug,3464
Jun,6868
Oct,9691
Apr,9842
Mar,3511
Jul,182
Feb,5796
Jul,9771
Jan,2540
Oct,5860
May,1882
Sep,8896
Jan,6526
Aug,8006
Sep,9022
Sep,1460
Aug,2178
Apr,1077
Jul,7893
Jan,1737
Jul,3400
Jun,4104
May,682
Jan,8751
Aug,8427
Oct,9269
Jan,8575
Jan,2498
Mar,4212
Aug,1338
Aug,3566
Jul,5618
May,5463
Aug,3266
Feb,879
Aug,2234
Dec,2336
Nov,1739
Feb,8711
Oct,3789
May,5055
Nov,8498
Apr,7472
Jan,3490
May,7350
Jul,7349
Jan,3896
Feb,2634
Dec,2280
Sep,4406
Dec,4327
May,9689
Jul,1546
Feb,1051
Jul,4121
Jul,5585
Jul,1817
May,4342
Sep,3905
Feb,6013
Apr,7575
Feb,4910
Aug,1696
Dec,6694
Nov,3316
Jan,9198
Sep,5855
Dec,6383
May,1437
Nov,3074
Dec,4573
Mar,8652
Dec,6926
Nov,5767
Apr,8864
Jan,8113
Mar,3144
Nov,9876
Aug,5118
Dec,2333
Feb,5737
Feb,7567
Sep,3346
May,4141
May,1989
Jan,7776
Jun,2755
Aug,3818
Jun,5635
Jul,9348
Apr,2229
Feb,9798
Jan,1730
Dec,5160
Jun,1091
Sep,4690
Oct,9485
May,6966
Dec,8994
Feb,9322
Jan,5021
Mar,8121
Apr,2581
Jul,8854
Sep,6381
Aug,8658
Sep,6349
Jul,893
Oct,4831
Aug,1086
Aug,9249
Jan,3695
Dec,954
Dec,1669
Sep,2356
Feb,4203
Dec,4276
Nov,8061
Jul,5354
Oct,8529
Oct,8006
May,6101
Apr,1832
Jan,914
Jan,7135
Mar,1286
Jan,7681
Aug,2325
Mar,9276
Nov,6523
Oct,9089
Feb,5273
Jun,8835
Apr,5982
Nov,619
Nov,5141
Apr,1554
Feb,6970
Feb,7313
Nov,7859
Jun,9350
May,9404
Sep,3506
Apr,1046
May,4130
Jan,8427
Dec,892
Dec,1236
Feb,9654
Mar,654
May,7137
Dec,3503
May,2354
Apr,1466
Oct,1048
Mar,8395
Sep,7909
Jan,7307
Jun,9338
Jul,7519
Oct,4126
Apr,6056
Oct,7469
Mar,7422
Aug,2714
Sep,9255
Jan,3371
Nov,9129
Dec,7484
Oct,5778
Sep,981
Jul,3288
Jan,3434
Jul,2298
May,8503
Oct,9507
Jul,9172
Dec,854
Sep,5317
Aug,8992
Jun,470
Feb,1832
Aug,5359
Dec,901
Apr,6499
Aug,9281
Jul,4871
Apr,7107
Aug,515
Nov,3437
Nov,5358
Dec,8127
Nov,5157
Feb,7067
Sep,1720
Jun,9827
Jul,6082
Oct,8093
Jan,2892
Mar,8864
Oct,7486
May,4993
Dec,5196
Jul,4956
Jan,3755
Sep,8584
May,4393
Dec,179
Mar,4408
Jul,1962
Oct,718
Aug,1059
Oct,3835
Oct,8214
Mar,2268
Jul,3345
Jul,7335
Apr,1261
Oct,2140
Sep,8260
Jan,5749
Jan,9391
May,7418
Mar,9980
Oct,7583
Sep,4232
May,944
Jul,5877
Jan,1743
Feb,1363
Nov,3034
Dec,6239
Apr,7274
Sep,315
May,4876
May,2440
Sep,7806
Aug,9799
Feb,2190
Jul,1216
Jan,7850
Oct,5434
Nov,2261
Nov,3356
Sep,9440
Mar,3276
Feb,6480
Apr,3445
Apr,7096
Mar,9432
Feb,3033
May,7841
Apr,5755
May,2548
Dec,927
Dec,5996
Aug,1303
Nov,6719
Feb,6898
Sep,944
Oct,3071
Jan,1368
Aug,4844
Dec,7835
May,9921
Feb,3630
Aug,5185
May,9095
Oct,8419
Oct,9243
Mar,2364
Jul,119
Apr,1881
Nov,6957
Nov,4934
Oct,7396
Dec,8848
Jun,2344
Oct,3083
Aug,2825
Jan,4699
Feb,5466
Aug,4987
Jul,296
Oct,5326
Sep,2928
Feb,4088
Aug,5832
Jun,5379
Jan,2569
Apr,1730
Feb,3378
Jul,2138
Sep,5532
Jun,5121
Apr,4430
May,6570
Nov,7177
Jan,4861
Apr,5319
Oct,7101
Mar,1487
Sep,741
Jun,5712
Apr,7310
Mar,674
Dec,9310
Apr,7896
Aug,8691
Dec,4790
May,1556
Nov,1695
Jan,8408
May,8086
Aug,8674
Nov,2229
Dec,931
Apr,5068
Feb,3581
Mar,2217
Nov,4582
Sep,2106
Jul,8588
Mar,6860
May,9010
Mar,5794
Oct,6162
Apr,3179
Dec,5378
Aug,110
Mar,4980
Mar,510
Nov,698
Nov,923
Aug,7976
Oct,5317
Oct,7186
Jul,412
Jul,6771
Oct,6800
Feb,2592
Dec,330
Jul,3840
Oct,143
Nov,7632
Oct,8192
Mar,7378
Jul,3557
Apr,5484
Aug,5715
Aug,5606
Jun,3095
Dec,3738
Mar,7617
Jun,3384
Jun,8462
Mar,4441
Nov,9931
Apr,716
Feb,339
Jan,6152
Feb,6554
Jul,9214
Oct,4987
May,2004
Sep,6265
Mar,912
Feb,5099
Apr,7742
Feb,1830
Nov,9123
Jul,3524
Oct,6162
Jun,2307
Aug,3468
May,5571
Feb,2327
Apr,7739
Jan,4480
Feb,1920
Apr,8940
Jun,288
Apr,9514
Apr,5321
Nov,8770
Oct,6846
Oct,4712
Feb,1988
Sep,1650
Dec,7159
Oct,5333
Aug,5735
Aug,133
May,8587
Mar,1529
Jun,5346
Sep,2087
Aug,6371
Jul,2982
Nov,1647
Aug,562
Apr,6807
Jun,5405
May,613
Dec,5274
Feb,3666
Aug,3903
Mar,4038
May,1571
Aug,8103
Nov,437
Sep,7151
Sep,7544
May,3512
Feb,2492
Jul,1076
Nov,5078
Nov,4168
Jul,9995
Dec,971
Aug,3509
Aug,2689
May,1649
Jan,4561
Nov,2721
Apr,2629
Apr,7262
Nov,8451
Mar,6499
Aug,2681
Mar,6665
May,7205
Feb,7056
Jun,3034
Jun,2411
Aug,2895
Aug,4428
Jan,6923
May,4428
Feb,3688
Oct,3216
Dec,4753
May,3847
Oct,6924
Dec,1559
Sep,4530
Apr,2551
Aug,7431
Jan,4190
Aug,9063
Jun,5141
Aug,1211
Jun,9886
Nov,9573
Mar,3685
Dec,7701
Nov,2473
Aug,6942
May,8633
Dec,5198
Oct,4823
May,2918
Dec,3025
Jul,9564
Jun,809
Sep,7092
Jul,838
Mar,4690
Nov,6187
Nov,3818
Dec,8301
May,5181
Sep,2678
Nov,1658
Oct,4100
Feb,4645
Jan,5439
Nov,9156
Aug,2816
Aug,4402
Feb,1909
Aug,5930
May,2097
Feb,3031
Jul,2230
Jul,4512
Mar,6613
Jan,2896
Nov,7848
Apr,6423
Feb,6845
Apr,5302
Aug,1655
Feb,8281
Jan,4543
Nov,8622
Mar,4805
Oct,4939
Jul,4058
Dec,4764
Jun,9976
Jun,9262
Jul,846
Aug,2284
Mar,8046
Mar,9676
Oct,5421
Aug,9310
Dec,7248
Jul,2124
Oct,6273
May,9834
Apr,2811
Jun,7118
Sep,9746
Jun,7297
Aug,1802
Jan,5629
Dec,7316
Jun,7755
Feb,5517
Mar,6424
Jun,3973
Feb,8413
Apr,9768
Jun,365
May,8319
Jun,5478
Jun,2224
Aug,531
Sep,5074
May,3877
Jun,7137
Jun,1185
Jun,6295
Feb,6359
Apr,2585
Jan,8392
Dec,5498
Jan,5178
Jan,7302
Jul,3148
Jan,6602
Jun,899
Feb,3922
Jun,5711
Jun,6109
Dec,9587
Nov,5363
Mar,8726
Aug,5670
Nov,9207
Apr,4740
Jul,5433
Apr,8939
Jan,2395
Jun,1531
May,5272
Sep,2461
Sep,7641
Dec,823
Nov,1647
Aug,9271
Jul,8375
Feb,1465
Aug,8841
Mar,3953
Jun,4782
Oct,6060
Jul,8443
Dec,7789
Jun,5257
May,3598
Apr,3085
Feb,1667
Sep,8503
Jul,6769
Jul,4291
Apr,9818
May,7256
Jun,8813
Dec,6617
Nov,5235
Dec,9994
Feb,6851
Apr,8309
Apr,7274
Dec,1819
Apr,8161
Jul,4114
Jul,978
Jul,8885
Jul,6372
Feb,1709
May,9167
Oct,6814
Feb,5209
May,2548
Dec,2236
Jun,7066
Mar,2153
Jun,7863
May,183
Apr,9731
Oct,2768
Sep,5331
Nov,8990
Aug,1920
Dec,4514
Jul,7349
Nov,9390
Jan,6672
Sep,7727
Sep,2994
Jun,3517
Jul,348
Mar,7910
May,1990
Jul,7980
Jan,2215
Dec,6681
Jan,3163
May,5751
Sep,1906
Jul,7400
Jan,8587
Dec,2794
May,5593
Aug,8323
Aug,4750
Dec,8226
Feb,892
Jul,4291
Oct,1189
May,8521
Sep,2880
Mar,4597
Jan,889
Apr,4294
Jul,4557
Jan,6771
Feb,4735
May,6061
Sep,6838
Jan,5255
Dec,413
Apr,6733
Dec,332
Mar,5835
May,9321
May,7949
Oct,2811
Feb,8040
May,3444
Sep,2222
May,3879
Nov,5754
Oct,9172
Feb,1272
Jul,7417
Jun,7844
Jul,259
Aug,8063
Oct,2229
May,3178
Feb,2329
Jul,3017
Jul,3113
Aug,9841
Jul,6426
Oct,1679
Jul,2060
Sep,8002
Aug,6757
Feb,3944
Feb,4797
Jul,2490
Oct,1519
Nov,4017
Oct,5042
Mar,8454
Jan,8407
Sep,7670
Mar,5298
Jan,9762
Jun,6102
Apr,5242
Jan,3952
Apr,642
Aug,8705
Nov,8973
Jul,8933
Dec,4078
Jan,1532
Oct,8960
Dec,7905
Sep,1068
Jun,5900
Feb,7945
Mar,9472
Jul,5691
Mar,5483
Mar,7570
May,4919
Mar,7732
Mar,3335
Nov,5355
May,351
May,4400
Dec,7509
Sep,4098
Jan,9082
Jan,5280
Nov,5521
Sep,1595
May,8078
Apr,8241
Feb,5478
Dec,2677
Sep,5406
Jun,8233
Sep,1335
May,1158
Apr,9462
Jul,3759
May,5468
Aug,156
Aug,7572
Feb,2669
May,4180
Oct,6477
Aug,2048
Mar,322
Jul,9931
Mar,5317
Jun,9127
Feb,2636
Jun,2625
Jun,9276
Aug,1457
May,4987
Jan,7822
Aug,6082
Dec,4577
Sep,9738
Jan,1471
May,3324
Dec,1974
Jun,3461
Apr,6204
Nov,1242
Feb,4409
May,8856
Apr,6998
Jul,1688
Jun,5098
Mar,9762
Sep,4442
Apr,3462
Nov,1736
May,9764
Mar,6327
Aug,1344
Nov,7014
Jul,5406
Nov,4614
Nov,8550
Jul,2458
Aug,5715
Jul,1368
Mar,9231
Mar,2476
Feb,8487
Jan,3196
May,3735
Dec,661
Apr,8331
Nov,7839
Feb,6971
Jan,2604
Mar,7121
Jun,6071
Feb,7976
Oct,9079
Jul,4197
Nov,9784
Jul,9421
Nov,6922
Mar,5978
Jan,4609
Sep,6286
Nov,9936
May,3660
Feb,5779
Aug,2785
Dec,6712
Oct,4921
Oct,7907
Apr,1512
Nov,1321
Oct,2349
Dec,2339
Jul,4302
May,7973
Mar,6993
Oct,8935
Aug,5503
Feb,5285
Jan,4390
May,4242
Nov,9677
Apr,7252
Nov,2684
Oct,1701
Jul,5042
Sep,5798
Jun,907
Nov,7445
Jan,8406
Aug,2827
Feb,8265
Apr,4271
Mar,9741
Jun,1668
Feb,9614
May,9152
Nov,841
Sep,6537
Mar,5004
Feb,3033
Feb,4609
Sep,4626
Jun,6009
Feb,5449
Mar,3267
Jan,7706
Feb,2318
Feb,1440
Nov,8109
Feb,4739
Jul,1614
Mar,1511
Nov,7824
Apr,4267
Feb,1122
May,2858
Sep,9404
Dec,4908
Sep,9850
Jul,8933
Dec,6833
Aug,5007
May,3325
May,1114
Dec,6868
Mar,5558
Jun,2121
Jan,2776
Mar,9832
Nov,3206
Feb,9075
Jul,8962
Sep,2684
Apr,5042
Jul,1377
Aug,3143
Oct,7470
Feb,5960
Jul,3882
Dec,7157
Mar,8469
Aug,8567
Jun,3581
Mar,5872
Aug,9716
Nov,5436
Mar,4222
Sep,3060
Nov,7997
Mar,2569
Jan,7151
Feb,4168
Apr,5543
Nov,9882
Feb,4480
Apr,9404
Apr,9360
Apr,2645
Jan,7765
Sep,3749
Oct,1914
Nov,4007
Jul,3831
Feb,7785
Mar,8373
Aug,5969
Jul,8373
Apr,193
Apr,8286
Sep,442
May,7040
Nov,2508
May,9381
Jul,723
Jan,967
Mar,3572
Feb,270
Nov,8869
Oct,8359
Jun,1615
Nov,8292
Dec,2298
Jun,1001
Oct,6003
Jan,7855
Jun,9086
Oct,2166
Feb,8662
Nov,2638
Apr,4007
Jun,7060
Mar,2696
Mar,9980
Dec,3421
Mar,9430
Apr,7820
Sep,2721
Apr,9457
Apr,9800
Apr,3941
Jul,4658
May,5018
Dec,8815
Feb,4439
Jul,338
Mar,1320
Nov,868
Jan,8526
Sep,6430
May,7488
Oct,4692
Jan,9811
Nov,7717
Jan,8182
Jan,7679
Dec,9227
Sep,9560
Aug,6556
Nov,9110
Jun,4217
Oct,2539
Jun,9380
Jun,6186
Apr,4924
May,8491
Oct,8469
Mar,5642
Mar,9222
Oct,2136
Jul,9777
May,2191
Aug,5650
May,4363
Dec,6530
Apr,2484
Mar,6426
Dec,8307
Feb,7763
Mar,9128
Jul,7821
Aug,2257
May,9868
Nov,405
Jan,7223
Mar,2153
Apr,5912
Oct,3444
Dec,4556
Apr,1308
Dec,1958
Jan,2803
Oct,2071
Sep,1213
Dec,1083
Oct,2227
Apr,3739
Feb,7576
Sep,660
Apr,6752
Apr,4487
Nov,3032
Jun,8582
Aug,2009
May,7330
Dec,1528
Aug,1047
Jan,1448
Apr,8672
Jan,9996
Mar,409
Nov,3514
Jul,5889
Jan,9790
May,6668
Jan,8952
Jun,3547
Sep,2373
Mar,9789
Nov,2242
Nov,9897
Dec,4839
Jun,9723
Apr,558
Jun,7680
Feb,437
Apr,5550
Jul,7480
Nov,4120
Jun,8636
Sep,5743
Nov,1042
Jul,445
Jan,3994
Jun,8616
Nov,6710
Mar,2238
Aug,4489
Jan,8815
Oct,7926
Feb,7916
Mar,358
Mar,1210
Jul,7425
Aug,6587
Sep,920
Jul,6088
Aug,5735
Nov,4764
Jun,7193
Feb,4704
Jan,1663
Mar,6443
Sep,9499
Jul,8600
Feb,1939
Jan,7775
Feb,8101
Mar,9675
Jun,2406
Dec,9472
Sep,5240
Aug,2786
Oct,1060
Sep,8729
Nov,555
Nov,6867
Aug,3917
Jul,9861
Jun,9395
Aug,9910
Jun,1612
Feb,4838
Sep,491
Sep,2721
Mar,6276
Sep,9212
Feb,5819
Dec,6141
Mar,3700
Jun,5310
Apr,4608
Aug,6542
Jan,7754
Jun,6316
Feb,7985
Jun,360
Jan,6933
Feb,9627
Sep,6044
Jun,6234
Aug,6975
Jul,6928
Sep,434
Sep,7769
Nov,2879
Apr,9095
Jul,7428
May,2537
Jul,2907
Apr,5290
Dec,9232
Oct,3263
Nov,9194
Nov,7588
Jan,9560
Apr,123
Oct,4752
Mar,2848
Sep,2550
May,9688
Apr,8195
Aug,3457
May,8195
Mar,8183
Feb,6072
Aug,8255
Dec,7169
Feb,5438
Aug,2632
May,5437
Aug,3873
May,6565
Jan,4761
Dec,2157
Nov,777
Nov,3074
Feb,8576
Jun,5748
Mar,6544
Aug,1940
May,1978
Mar,6389
Dec,9902
Oct,7319
Jul,3414
Aug,1478
Apr,5440
Nov,552
Sep,8633
Jun,492
Jan,5571
May,1369
May,8237
Jul,3150
Jul,7380
Jun,9262
Aug,4894
Feb,7510
Jul,265
Oct,8546
Jul,8593
Apr,6463
Dec,8179
Oct,5130
Feb,1605
Apr,9548
Apr,7509
Dec,4440
Dec,309
Jun,3893
Jul,4621
Mar,3147
Oct,1080
Jan,2219
Mar,3845
Sep,277
Jan,1646
Aug,8590
Feb,3666
Jun,374
Mar,3095
Jul,152
Feb,7875
Apr,9715
Oct,1727
Sep,6143
Jun,7923
Apr,8780
Feb,8708
Oct,9212
Sep,1653
Apr,8957
Sep,2569
Feb,1574
Jul,6577
Nov,437
Nov,7091
May,8560
Aug,1187
Nov,1393
Aug,8948
Apr,6064
Apr,2928
Aug,6572
Mar,4073
Jul,6761
Aug,5057
Aug,6664
Nov,1436
Oct,1767
Apr,1925
Sep,1312
Oct,2868
Apr,5876
Aug,544
Jun,9689
May,4481
Apr,3776
May,2410
Nov,4140
Jan,7185
Jul,1927
Aug,6385
Dec,3319
Sep,5659
Mar,6871
Sep,4788
Oct,4611
May,2172
Oct,6870
Jun,6428
Jan,2430
Sep,785
Sep,5058
Jun,784
Aug,8632
Apr,833
May,1596
May,9423
Jul,5550
Jul,4735
Jul,1832
May,6627
Apr,6825
Aug,6403
Jan,8131
Jan,1519
Jun,4810
Feb,8779
Dec,1541
Mar,2490
Apr,1484
Feb,2256
Oct,4496
Jul,1491
Oct,7522
Jan,5535
Mar,4900
Feb,3242
Sep,368
Aug,4017
Mar,9816
May,8769
Mar,4371
Nov,338
Dec,8901
Nov,7102
Dec,7868
Nov,5983
Jun,5885
May,5193
Nov,6538
Feb,6274
Oct,9446
Aug,5545
Jun,3438
Mar,2433
Jan,4486
May,4681
Dec,6798
Nov,8459
Feb,3642
Feb,5986
Sep,8154
Nov,7014
Oct,7613
Jul,8369
Jun,1208
Jan,9183
Oct,4856
Feb,1324
Nov,7628
Jul,8856
Mar,2959
Feb,8593
Jun,8400
Aug,2512
Aug,2747
Nov,3438
Feb,5904
Jun,7331
Dec,4623
May,3913
Jul,3745
Apr,3517
Dec,111
Feb,6709
Oct,3245
Mar,974
Sep,7403
Oct,983
Aug,4750
Sep,7810
May,6897
May,5539
Jul,7108
Jul,9871
Jan,8644
Dec,8262
May,9798
Aug,3587
Jul,7637
Nov,2490
Feb,4130
Aug,7592
Feb,3538
Oct,2483
Jan,3467
Nov,6267
Nov,1565
Nov,2251
Mar,3583
Mar,673
Jun,874
Dec,7130
Mar,4438
Jul,8121
Aug,4030
Mar,5060
Sep,2320
Jan,1539
Mar,6346
Dec,7524
Mar,9005
Jul,6800
Nov,8867
Nov,6439
May,5184
Apr,5610
Feb,169
Jul,9209
Mar,9034
Jul,6828
Oct,4250
Dec,2633
Jul,7510
Nov,9668
Feb,8701
Jul,3107
Jun,8243
Oct,6970
Apr,5234
Nov,4342
May,5709
Dec,9971
Aug,7878
May,1297
Mar,2437
Feb,8186
Jun,3293
Jun,8318
Jul,5320
Aug,3073
Apr,6631
Dec,3265
Aug,1190
Dec,8541
Jan,241
Jun,366
Jun,7819
Mar,4410
Sep,8780
Dec,8787
Dec,579
May,2790
Jan,6099
Jul,5036
Oct,2527
Mar,9135
Oct,8164
Oct,3315
Nov,6081
Apr,4011
Jun,4177
Aug,2449
Apr,749
Dec,5636
Sep,2956
Aug,5678
Oct,1825
Oct,8216
Jun,1454
Jul,1393
Aug,3358
Feb,2813
May,8695
Jul,4132
Aug,1646
May,2706
Mar,2925
Jun,4306
May,9104
Aug,3474
Sep,9221
Sep,7740
Dec,7034
Dec,6178
Jun,3423
Apr,8466
Apr,7205
Sep,1463
Apr,9329
Aug,7589
Sep,8051
May,3111
Jun,2190
Mar,8752
Dec,248
May,4533
May,5198
Feb,1233
Oct,453
Jun,9399
Sep,2213
Nov,7655
Jul,6110
Aug,3785
Feb,3306
Nov,1209
Sep,8518
Mar,9304
Oct,3206
May,4036
Jul,9758
Apr,8561
Jul,3906
Aug,6649
Oct,9823
Oct,8595
Apr,5248
May,2032
Nov,2140
Mar,8034
May,8433
Aug,6889
Mar,5875
May,9100
Oct,1047
Jan,865
Feb,7272
Mar,5115
Jan,9230
Nov,2596
Dec,3662
Nov,1362
Sep,6493
Sep,5150
May,5510
Apr,642
May,6764
Apr,7823
Dec,2881
May,2712
Jul,1299
Nov,7132
Aug,6423
Feb,4788
Apr,4886
Aug,3781
Jul,5329
Sep,3595
May,8956
Jun,6178
Nov,3262
Aug,1516
Dec,3208
Nov,8808
May,9141
Sep,7929
Apr,1007
Aug,8607
Dec,7673
Mar,9799
May,9810
Aug,2034
Oct,6051
Dec,4444
Jul,7526
Jan,6434
Dec,2722
Apr,9148
Feb,5665
Feb,1625
Jul,1516
Dec,1894
Dec,2820
Mar,6926
Mar,6895
Jun,3776
Jun,5176
Jan,6469
Jan,8644
Nov,9719
Jun,5926
Jul,2292
Sep,3636
Apr,7399
Oct,9408
Jun,2420
Dec,7971
Mar,633
Nov,9509
Apr,5451
Sep,2079
Jan,2176
May,8823
Nov,4335
Jul,6341
Mar,4214
Feb,2684
Nov,9840
Feb,1588
Jan,3759
May,6502
Mar,8147
Nov,327
Dec,4571
Jul,5342
Jan,7723
Sep,4452
Feb,5028
Aug,7415
Oct,798
Apr,537
Jun,5919
Sep,6280
Jul,9976
Aug,2253
Jul,6138
Feb,6108
Sep,6475
Jan,5236
Feb,5378
Mar,1059
Mar,8569
Oct,4320
Apr,3856
May,7687
Jun,9635
Jan,4870
Aug,9006
Jun,9797
Oct,4021
Sep,2814
May,1447
Jul,5108
Nov,6185
Apr,8269
Jun,4968
Jun,4060
Apr,2605
Jun,5196
Aug,7475
Nov,1837
May,1208
Feb,2779
Sep,1137
Nov,5860
Apr,9203
Apr,2196
Nov,458
Jul,6053
Oct,1176
Oct,7336
Jun,5771
Apr,5915
Jun,5864
Mar,5074
Jul,3627
Jun,2402
Mar,9896
Jan,1175
Dec,4148
Oct,428
May,3577
Oct,7224
Feb,1102
Jul,8868
Jul,8618
Apr,6486
Jun,9819
Jan,2921
Feb,9757
Jun,2480
Feb,8786
Dec,9430
Dec,2516
Nov,9648
Apr,9445
Apr,3349
Oct,2242
Sep,3488
Oct,9416
Jul,5415
Jul,9093
Dec,307
Nov,8764
Jan,1738
Nov,5227
May,8427
Mar,4456
Mar,9462
Jun,8749
Apr,6124
Aug,7705
Apr,1536
Aug,6475
Dec,8798
Dec,6347
Apr,8737
Mar,2881
May,543
Dec,217
May,9832
Oct,666
Oct,3702
Jan,2036
Aug,4283
Aug,8026
Aug,9944
Oct,4671
Apr,5901
Sep,4490
Oct,4915
Mar,5600
Jul,5502
Jun,7087
Sep,4881
Dec,2786
Apr,1303
Apr,5156
Jun,7157
Aug,8697
Mar,5813
Nov,5283
Aug,4314
Aug,4179
Jul,412
Jul,8454
May,1628
Feb,5596
Dec,9857
Feb,4868
Dec,7667
Oct,498
Dec,6730
Aug,1147
Nov,2042
Jun,339
Aug,6564
Mar,771
Jan,2719
Jun,8019
Feb,2561
Dec,8693
Sep,2206
May,4248
May,1187
Oct,6876
Aug,9434
Jun,4481
Mar,5224
Sep,7659
Oct,241
Apr,496
Oct,5237
Apr,7381
Dec,1655
Feb,7154
Mar,5994
Apr,1128
Jul,5151
Mar,770
Aug,4694
Aug,1955
Oct,3529
Nov,5376
Feb,7086
Apr,9980
Aug,4531
Jan,669
Jan,6556
Apr,1246
Nov,9156
Feb,6614
Jan,5000
Aug,127
Feb,5449
Apr,1129
Mar,6716
Feb,2096
Aug,1441
Mar,9540
Sep,2187
Oct,8972
May,474
Sep,3145
Mar,6375
Dec,6049
May,905
Oct,6452
Jun,6570
Sep,6746
Aug,378
Feb,1505
Feb,9079
May,7250
May,1432
May,8165
Apr,3247
Aug,8092
Nov,3549
May,532
Jan,8126
Oct,1109
May,7379
Jan,5291
Apr,8608
Jan,5407
Jun,4316
Jun,1465
Jan,6896
Dec,9227
Aug,3618
Apr,2868
Feb,595
Jan,3692
Nov,2332
Mar,8148
Jul,3035
Oct,6819
Nov,4545
Oct,2467
Aug,6655
May,1005
Jul,8268
Feb,8000
Dec,4697
Dec,7753
Apr,5109
Jun,7335
Dec,9807
Dec,7308
Dec,8058
Dec,5388
Dec,7913
Dec,6236
May,8403
Jun,6706
Dec,9964
Feb,2402
Jul,9942
Aug,7425
Nov,4495
Sep,4095
Jun,8598
Jul,8412
Dec,7869
Jan,9569
Sep,1527
Jun,5713
Dec,3202
Apr,9477
Oct,1555
Sep,9471
Dec,1446
Jan,8920
Feb,1314
Mar,2061
Jan,3095
Feb,4712
Feb,9839
Jul,5790
Oct,2958
Jun,861
Dec,5558
Sep,8147
May,5002
Sep,8205
Dec,1596
Oct,9535
Sep,4682
Feb,2143
Dec,3476
Sep,8808
Mar,934
Nov,723
Mar,1147
Dec,1664
Nov,4082
Sep,5540
Jul,596
Nov,642
Aug,1015
Jul,1901
Sep,181
Aug,1279
Apr,8457
Feb,2171
Nov,9098
May,7130
Feb,431
Apr,7245
Dec,9826
Feb,7079
May,8472
Jun,9608
Nov,6212
Jan,9398
Dec,1689
Aug,2586
Feb,5934
May,2690
Nov,8779
Aug,8903
May,3520
Mar,5308
Jun,9689
Jan,7314
Jan,1556
Aug,9629
Jul,4597
Oct,2967
Oct,4683
Nov,5354
Nov,6445
Mar,6671
Aug,7183
Nov,5398
Aug,178
Jan,5752
Oct,477
Jul,264
Feb,8067
Dec,6041
Feb,8446
Feb,1246
May,9355
Jul,2316
Apr,5549
Nov,1563
Dec,3570
Apr,1616
Sep,4523
Oct,1626
Sep,888
Jul,6620
Oct,7521
Apr,6677
Aug,2648
Oct,7352
Mar,4708
Mar,8807
Dec,6740
Jul,6845
Nov,3162
Dec,5381
Sep,4862
Nov,9859
Apr,9740
Apr,1066
Jan,6176
Jan,5794
Mar,8655
Dec,207
Jul,7281
Sep,8914
Apr,4516
Feb,609
Jun,6915
Jun,9356
Sep,3965
Apr,8595
Aug,9260
Mar,9730
Feb,3971
Sep,5613
Jun,6608
Nov,7264
Aug,3600
Nov,2299
Oct,4001
Sep,7858
Jan,6170
Jan,2370
Nov,5485
May,329
Sep,2586
Jul,8441
Jul,1009
Feb,1077
Mar,734
Apr,6089
Feb,4817
Oct,2290
Sep,5289
May,5039
Jul,7181
Nov,3574
Sep,6795
May,7294
Jun,1965
Apr,398
Aug,2839
Jan,6801
Jan,3825
May,4640
Oct,8389
Sep,4914
Feb,6234
Nov,3622
Mar,4518
Aug,6918
May,8224
Mar,8262
Jun,5589
Jun,6185
May,9137
May,4285
Jun,4326
Feb,8196
Jun,3981
Feb,7792
Mar,9344
Feb,3715
Jan,6905
Dec,3257
Jan,2205
Sep,5276
Apr,1093
May,3196
Oct,289
Jul,2998
Feb,5956
Dec,4349
Nov,5488
Oct,7146
Sep,3511
Dec,9338
Apr,705
Oct,1466
Oct,6582
Jan,9356
Aug,5895
Apr,617
Jul,5318
Mar,3907
Nov,5535
Dec,2372
Sep,2408
May,9394
May,4892
Mar,910
Nov,8368
Sep,2409
Mar,8008
Feb,9317
Nov,4539
Sep,6489
Dec,3658
Dec,8108
Sep,945
Oct,8984
Dec,1432
Apr,6400
Apr,1374
Nov,7266
Oct,9536
Jun,437
Sep,3394
Aug,436
Oct,1967
Mar,7014
Jun,594
Jul,4742
Jun,3986
Mar,8452
Sep,2136
Apr,9799
Feb,5183
Sep,3660
Mar,9667
Jun,9845
May,2381
Feb,1701
Jan,1399
Sep,9002
Mar,4267
Jul,2146
Sep,2981
Sep,5574
Dec,1917
Oct,2298
Jun,3432
Aug,1203
Sep,3277
Mar,4915
Jun,2277
May,1294
Jul,4601
Jul,6141
Sep,8827
Jan,7160
Jun,9361
May,8424
Apr,363
Oct,4562
Dec,7068
Nov,2152
Jan,5046
Apr,5925
Oct,6144
Nov,4189
Jul,457
Apr,5605
Jan,4520
Oct,9042
Jan,3350
Jan,6662
Nov,2358
Oct,9202
May,3910
Jul,683
Sep,3538
Aug,8868
Feb,6457
Sep,9444
Apr,6246
Dec,5090
Oct,1883
Nov,1193
May,4632
Dec,5217
Nov,8038
May,6846
Apr,2233
Jun,8809
Jan,9033
Feb,6220
Apr,2577
Apr,5058
Aug,6237
Sep,2976
Dec,142
Apr,5929
Jun,3541
Apr,8695
Apr,9618
Dec,6446
Nov,6949
Dec,6786
Sep,2750
Apr,4445
Jun,977
Sep,1986
Mar,1403
Jul,1840
Jul,1212
Jan,3976
Nov,6140
Feb,7552
May,6218
Aug,8539
Jun,6895
Jul,7144
Mar,667
Jun,6058
Sep,9480
Mar,1453
Jun,5129
Jul,9272
May,5065
Oct,268
Aug,7812
Aug,2771
Jun,478
Jul,2032
Mar,293
Jul,8555
Jul,9763
Apr,4716
Oct,5114
Apr,7978
Mar,1400
Oct,3300
Jul,3473
May,8865
Mar,9829
Jun,1483
Dec,9672
Jun,3637
Jun,8024
Feb,9815
Nov,5091
Oct,5302
Dec,4032
Jul,3722
Jul,9187
Oct,564
Dec,8080
Apr,1710
Nov,8904
Jun,704
Apr,8067
Apr,720
Jun,2702
Sep,6573
Dec,3900
Jul,7198
Feb,6638
Jun,255
May,8260
Jun,6781
Aug,2815
Aug,4439
Mar,8170
Sep,6790
Jun,549
Jul,1169
Sep,4117
Jul,2919
Oct,2385
Sep,9482
Jan,1499
Jan,2348
Mar,6475
Sep,823
Jan,9733
Jan,5373
May,7635
Aug,4920
Feb,186
Apr,7797
Jun,6946
Jan,4249
Apr,1851
Apr,5261
Sep,3520
Sep,4937
Jun,2583
Aug,3312
Dec,4022
Oct,6410
Apr,6142
Oct,8113
Aug,9778
Mar,3627
Feb,8364
Jun,9016
May,3854
Aug,8262
Jan,4465
Nov,8510
Dec,646
Oct,3829
Mar,7450
Jul,5984
Oct,2068
Dec,4616
Apr,1359
Oct,7092
May,7856
Aug,3033
Jan,2609
Jan,1662
Dec,8175
Jul,3769
Dec,2581
Sep,7298
Apr,304
Aug,841
Oct,7149
Jul,4363
Feb,7937
May,4837
Sep,1205
Sep,6930
Mar,4297
Nov,188
Dec,6588
Mar,3481
Feb,3285
Jul,6779
Jun,6406
May,964
Jul,8346
Apr,4771
May,657
Sep,9284
Nov,4391
Sep,547
Apr,1921
Jun,3919
Feb,191
Mar,707
Sep,9543
Jun,385
Aug,3021
Nov,201
May,3935
Feb,8269
Jul,4335
Jun,9970
Nov,7609
Feb,6816
Jun,634
Aug,6766
Jan,8307
Apr,8852
Jan,3025
Feb,1009
Jan,9705
Jun,5108
Nov,218
Jun,3213
Jan,6253
Apr,1591
Apr,2196
Aug,8044
Jun,2354
Feb,8805
May,6203
Apr,1333
Oct,5358
Apr,9771
Dec,5731
Aug,3449
May,9832
Mar,229
Oct,3816
Dec,6854
Apr,3843
Jan,1871
Jun,4554
Nov,6870
Oct,7350
Apr,5373
Jun,8797
Feb,5728
May,5013
Nov,9130
Sep,4818
Aug,2776
Mar,196
Jan,2063
Oct,5501
Mar,7867
Aug,698
Nov,4063
Mar,8720
May,7393
Feb,1424
Jan,8211
Nov,1867
Oct,5264
May,9808
May,1439
Jun,9268
Feb,6566
Sep,9906
Feb,9876
Feb,5563
Dec,5590
May,4161
Sep,7704
Apr,1370
Jun,318
Feb,633
Apr,8051
Dec,9787
Sep,9665
Feb,3923
Jan,164
Apr,4441
Apr,5182
Jan,3085
Apr,5694
Mar,4013
Feb,9340
Oct,8117
Apr,4355
Aug,1104
Jul,2222
Sep,6796
Aug,4081
Jan,571
Dec,3505
Feb,408
Dec,7795
Feb,7807
Dec,3147
Aug,2117
Dec,4981
Apr,1578
Sep,4297
Feb,7821
Apr,4970
Jan,3559
Mar,9523
Jun,5534
Sep,671
Nov,3689
Jan,8439
May,6018
Dec,696
Feb,5173
Jul,1170
Apr,4350
May,4425
Aug,3471
Feb,257
Mar,9214
Nov,3418
May,6811
Oct,7321
Apr,9538
May,9057
Mar,2712
Dec,4662
Sep,543
Aug,6073
Jun,1004
Jan,3010
Apr,1901
Jul,1025
Oct,7951
May,6030
Apr,9043
Sep,9526
Aug,3022
Mar,8954
Jun,7655
Dec,9876
Dec,1019
Apr,5104
Jul,4319
Jan,8359
Jan,4670
Dec,4553
Dec,5675
Jun,2053
Oct,2668
Nov,8045
Jul,3808
Sep,5028
Jul,3499
Sep,9645
Oct,6670
Sep,542
Aug,700
Jul,4682
Dec,2886
Mar,2795
Nov,2152
Mar,731
Nov,3542
May,1854
Jul,7120
Dec,9870
Oct,125
Jul,8046
Jan,7397
Aug,6653
Jan,5859
Nov,7855
Apr,1229
Feb,5096
May,4245
Jun,5741
Apr,8733
Dec,5997
Apr,7469
Jul,3995
Nov,4897
Apr,1928
Feb,9827
Apr,659
Jul,9465
Jan,9376
Apr,4014
Jun,8530
Aug,8150
Aug,9763
Sep,7000
May,5687
Feb,5512
Mar,4712
Feb,3783
Sep,8496
Jun,7447
Nov,3700
Dec,6743
Jan,1313
Mar,7447
Jul,3191
Jul,1482
May,3780
Mar,9971
Jul,8298
May,3598
Jun,8587
Mar,5606
Jun,8555
Jul,2237
Aug,7755
Feb,8224
Feb,5048
Jun,3965
Aug,5560
May,5548
Jan,4596
Nov,4552
Jan,6998
Oct,2646
Sep,5029
Apr,8410
Dec,7314
Oct,2495
Jan,7771
Nov,5614
Aug,1802
Feb,8821
Dec,3774
Feb,8594
Jan,4351
Jan,113
Sep,7287
Jan,2903
Jun,988
Dec,9488
Jul,4640
Apr,8190
May,2269
Apr,3751
Apr,8117
Oct,8340
Jan,280
Jun,3978
Oct,9709
Oct,3564
Jul,629
Jul,5871
Aug,4779
Jul,8040
Jun,1386
Dec,2290
Aug,8998
Mar,8585
Sep,1661
Mar,5728
Apr,2711
Oct,6660
Jun,760
Dec,3278
Dec,3489
Aug,3163
Mar,6501
Oct,8227
Jun,2940
May,6409
May,7292
May,6154
Sep,6246
Jul,6661
Dec,8660
Sep,638
Sep,3027
Jun,2493
Jun,9022
Apr,996
Aug,6967
Feb,6445
May,2468
Jan,4659
Oct,7847
Feb,2480
Jan,114
Jun,9645
Feb,3235
Dec,2377
Apr,8302
May,1756
Jul,9539
Oct,1760
Jan,1863
Dec,8833
Nov,1629
May,7965
Apr,5938
Jul,7010
Oct,9472
Jul,2717
Aug,2854
Apr,9220
Apr,8201
Oct,1526
May,8167
May,5308
Nov,6322
Mar,7908
May,2161
May,2663
Aug,2903
Jul,6309
Aug,2393
May,1725
Dec,5909
Nov,671
Feb,7499
Aug,2500
Sep,8674
Feb,5929
Jan,1183
Dec,2049
Jun,5630
Mar,5302
Jan,5530
Jun,3597
Dec,5596
Aug,5030
Sep,3494
Jun,9495
Dec,873
Jun,7893
Jan,2697
May,9695
Mar,8081
Jul,3161
Dec,3425
Sep,1503
Nov,3420
Jun,7339
May,6749
Jul,7520
Nov,7239
Sep,969
May,6542
May,9375
Oct,1073
Apr,9517
May,1288
Jul,5247
Mar,3543
Apr,5784
Sep,1421
Dec,2123
Feb,6840
Aug,5568
Sep,538
May,264
Jul,5778
Jun,7935
Jan,3437
Aug,3450
Sep,1087
Oct,2629
Nov,4712
Jan,3945
Aug,5856
Mar,8205
Dec,1426
Jun,8319
Oct,7024
Aug,4693
May,6762
Aug,293
Jul,8883
Jul,2589
Jul,6501
Sep,8404
Jun,9609
Jun,1837
Nov,2161
Sep,9982
Jun,6383
Jul,9686
Jul,6940
Feb,3659
Dec,5561
Aug,7699
Dec,3983
Nov,3351
Jun,5153
Apr,3114
Nov,1228
Jul,6965
Aug,6572
Jan,7516
Oct,1796
Apr,8424
Apr,7507
Oct,7345
Sep,4765
Jun,4320
Apr,7674
Jan,6270
Aug,411
Nov,5534
Sep,501
May,5654
May,1696
Oct,221
Aug,850
Aug,205
May,7034
Apr,9351
Jun,3338
Oct,1344
May,8367
Aug,6965
Sep,9301
Jan,3382
Sep,2375
Sep,3908
Jun,8744
Nov,865
Oct,4682
May,2815
Jul,1597
Nov,2938
Aug,6136
Sep,5166
Sep,589
Oct,6474
Nov,2035
Mar,2849
Aug,9395
Jan,7912
Jul,9891
Dec,7564
May,7877
Feb,8517
Feb,6386
Aug,4249
May,5948
Dec,7756
Nov,2445
Mar,5649
Jan,6780
Nov,8870
Jul,1798
Nov,7084
Dec,6137
Mar,5356
Jul,6651
Dec,378
Feb,1568
Apr,9232
Feb,2418
Apr,4636
May,5447
Aug,6039
Feb,1883
Oct,6730
Mar,3326
Oct,9277
Dec,2919
May,4070
Nov,524
Dec,2205
Dec,2570
Sep,5994
Oct,3894
Nov,2991
May,9975
Sep,3247
Apr,4151
Oct,3751
May,8001
Sep,1274
Apr,3049
May,8728
May,6216
Apr,334
Apr,8012
Nov,4870
May,5228
Dec,4956
Jun,8259
Jul,2574
Jun,326
Jan,6260
Feb,4901
Jul,5457
Mar,7648
Dec,4095
Oct,1510
Nov,4864
Feb,1437
Jun,5520
Nov,217
Apr,1968
Dec,2197
Nov,1913
May,9879
Jun,8834
Mar,2474
Jan,1626
Mar,7187
Mar,9561
Jun,8893
Apr,3714
Jul,2249
Nov,3401
Feb,8679
Dec,3780
Apr,9894
Aug,3382
Nov,2796
Jun,4251
Oct,1405
Mar,816
Oct,5945
Dec,5858
Feb,3755
Mar,6459
Jan,8605
Jan,2380
Feb,2722
Mar,9179
Sep,4442
Aug,2589
Dec,2022
Nov,6378
Nov,8215
Sep,8149
Jul,4129
Jul,3163
May,8452
Jul,9775
Apr,3992
May,1837
Dec,4320
Jan,7180
Nov,9662
Apr,3495
Mar,2554
Feb,5057
Feb,2387
Aug,9528
Jan,8250
Aug,6392
Sep,9498
Jun,8796
Jan,9695
Oct,3833
Dec,8992
Jul,5213
May,3105
Sep,4890
Jul,110
May,5321
Feb,3777
Apr,9264
Feb,7434
Sep,5264
Feb,9133
Feb,6960
Feb,8205
Jan,384
Sep,6643
Aug,5670
Feb,5831
Feb,7711
May,2535
Dec,7623
Dec,1129
Apr,6684
Feb,8191
Aug,4551
Aug,3066
Apr,7855
Apr,653
Sep,367
Apr,7235
Oct,1340
Nov,4259
Sep,2589
Mar,7958
Feb,5494
Nov,8761
Aug,3387
Dec,2119
Mar,9881
Feb,5413
Nov,4417
Aug,5924
Aug,9711
May,9172
Sep,938
Nov,9043
Jun,8561
May,4927
Dec,7087
Mar,3603
Jul,7924
Sep,2175
Apr,1412
Nov,2384
Jul,8675
Dec,2908
Mar,9095
Nov,9388
Feb,6621
Nov,6455
Jan,3819
Jun,4871
May,2796
Feb,5896
Mar,908
Sep,3393
Mar,9597
Jul,3559
Jan,2519
Jul,4324
Sep,7671
Dec,6463
Nov,9488
Aug,4667
Jul,3624
Oct,6851
Aug,9817
Apr,6337
Feb,9891
Nov,9336
Sep,5419
Mar,1967
Nov,1475
Apr,8230
Jul,5501
Feb,8903
Aug,7092
Dec,3416
Oct,1698
Aug,5049
Dec,6672
May,738
Sep,4266
Aug,745
Jan,5984
Sep,6768
May,189
Sep,9115
Sep,650
Oct,8351
Oct,5324
Mar,5681
Aug,4278
Jul,9535
Jul,3579
Dec,9237
Oct,9932
Feb,6191
Feb,2733
Feb,6890
Nov,3601
Feb,989
Apr,8865
Jul,8804
Feb,7346
May,4260
Jul,4151
Sep,2330
Aug,5285
Sep,7475
Jul,6297
Mar,2383
Jan,5084
Oct,711
Jul,8729
Nov,9751
Jun,6937
Feb,7206
Jan,7375
Dec,8815
Oct,3677
Apr,6586
Apr,2361
Jun,1123
Nov,9871
May,8613
Sep,7335
Aug,3857
Sep,8168
Oct,8741
Jul,1384
Sep,1760
Mar,5453
Sep,1003
Feb,9469
Sep,8621
Jun,8928
Apr,6110
Dec,512
Dec,6739
Nov,3933
Feb,2515
Oct,2686
Mar,5671
May,9856
Sep,8772
Jul,6657
Nov,6380
Dec,2982
Nov,2619
Mar,4500
Apr,8946
Dec,280
Nov,4225
Feb,3119
Aug,864
Jun,4235
Mar,5138
May,6899
May,3490
Dec,1164
Jan,2556
May,5781
Jun,1446
Oct,7097
Oct,9474
Nov,4232
Nov,2553
Nov,638
Feb,2403
Mar,6521
Oct,348
May,9332
Mar,1491
May,2272
May,1435
Aug,2359
Oct,6715
Sep,5634
Aug,8791
Dec,910
Mar,5084
Jan,7448
Mar,7656
Jan,3813
Nov,3804
Sep,1310
Dec,3845
Mar,7891
Aug,1591
Jun,7401
Mar,6560
Sep,3148
Aug,5019
Mar,3034
Jul,6210
May,1917
Feb,6713
Aug,4419
Jan,1375
Apr,7331
Nov,2977
Nov,4114
Dec,4187
Apr,1247
Oct,337
May,2222
Apr,7709
Jan,4695
Jul,9837
Oct,4083
Nov,8234
Feb,5706
Oct,9278
Mar,1723
May,7326
Aug,822
Oct,1195
Aug,3927
Feb,4385
Sep,1095
Jun,5781
Sep,4761
Apr,1092
Mar,2883
May,8447
May,5782
Apr,6061
Jul,4868
Aug,5860
May,5304
Sep,7652
Jul,8346
Jul,184
Aug,6076
Dec,8247
Apr,7184
Oct,2879
Jun,6155
May,2769
Jan,1108
Sep,2464
Feb,3786
Jun,6868
Aug,2299
Mar,9651
May,1009
Jul,3539
Apr,5982
Dec,3013
May,4795
Jan,1106
Apr,7214
Jul,1243
Dec,7652
Oct,1324
Jul,4595
Oct,8359
Oct,9306
Apr,281
Dec,6432
Jun,5046
May,7550
Jan,3045
Aug,8946
Dec,3786
Jul,2388
May,2931
Oct,9013
Oct,3348
Jul,9492
Oct,8601
Mar,1125
Aug,4512
May,6002
Feb,9824
Feb,3743
Apr,8659
Jul,4750
Oct,1349
Apr,3083
Sep,4675
Feb,7547
Jun,9231
Apr,4209
Jun,4123
Oct,8069
Sep,689
Oct,1882
Dec,4668
Sep,9499
Sep,4512
Sep,9138
Mar,4780
Dec,9090
Nov,570
Sep,4927
Mar,5167
Oct,3094
Mar,3229
May,6267
Jun,1413
Sep,6646
Jan,9339
Aug,9379
Apr,8034
Oct,5458
Jul,382
Jun,7709
Jun,1498
Jul,2833
Apr,4167
Jun,2457
Mar,3338
May,8089
Feb,7310
Mar,887
Sep,8334
Jun,5884
Mar,4743
Feb,4421
May,4828
Oct,5740
May,3510
Jan,1458
Mar,9496
Jul,637
Sep,3968
May,4676
Apr,4625
Mar,3683
Oct,7998
Sep,1450
Jul,9236
Dec,3956
Jul,2725
Aug,4407
Oct,9142
Jan,3025
Nov,9287
Apr,6814
May,7297
May,6106
Jan,8641
Mar,1637
Feb,2828
Dec,7481
Jul,4446
May,2466
Mar,7128
Nov,6968
Aug,3975
Jan,6141
Jan,3701
Jun,4274
Jan,1023
Apr,718
Jun,4500
Jan,6442
Sep,3403
Apr,9339
Sep,9990
Sep,5680
Jun,7700
Jul,8222
Jan,182
May,192
Mar,6860
Oct,7475
Oct,7937
Jun,6824
Apr,3148
Sep,1567
Jul,5589
Apr,2798
Nov,9083
Jun,575
Feb,8795
Mar,330
Nov,7121
Jul,9878
Nov,6933
Dec,2356
Apr,4070
Dec,4938
Oct,483
Jul,860
Sep,5343
May,4052
Jan,1042
May,2795
Jun,1396
Nov,2247
Feb,6974
Aug,9931
Feb,4496
Sep,708
Feb,981
Mar,7416
Aug,4991
Nov,6580
Jun,7605
Jan,2094
Apr,1423
May,7868
Nov,1111
Mar,7003
Jan,788
Mar,4168
Sep,9534
Feb,3547
Jan,7997
Jul,7355
Jul,8175
May,8732
Feb,9516
Jan,2562
May,5223
Oct,4278
Apr,6249
Sep,1852
May,4729
Nov,6016
Oct,4646
Dec,3459
Dec,5113
Feb,7704
Apr,4114
Dec,999
Sep,1289
Aug,752
Mar,8096
Aug,1082
Feb,675
Mar,8624
May,4407
Nov,8580
Dec,6853
Oct,7840
Oct,1155
Aug,6126
Jan,4469
Apr,1424
Jan,3695
Jan,3927
Dec,2423
May,1982
Jun,1253
Jan,3470
Nov,8388
Jun,376
May,5504
Apr,5392
Oct,8623
May,4298
Aug,3796
Sep,3302
Nov,2186
Dec,406
Feb,983
Jun,6763
Mar,6289
Feb,4389
Dec,3689
Jan,3741
Apr,7436
Aug,5208
Mar,2262
May,6809
Oct,5267
May,3241
May,6231
Nov,4703
Sep,254
Aug,3730
Aug,8752
Jan,1496
Jan,9082
Feb,6897
Aug,6694
Oct,3809
Jan,1967
Apr,9980
Sep,676
Feb,7363
Mar,3864
Nov,8653
Jun,556
Nov,3661
Oct,3210
Mar,3629
Apr,5007
Sep,5068
Sep,8641
Oct,4647
May,4183
Jul,208
Sep,7851
Aug,1331
Nov,676
Jul,340
Dec,7666
Aug,5909
May,6821
May,470
May,6154
Jan,197
Jun,5706
May,8256
Aug,9787
Aug,2555
Feb,3546
Nov,9697
Jun,4911
Dec,7927
Nov,2791
Oct,1072
Oct,9804
Jun,7906
Mar,3023
Jan,5101
Jul,908
Oct,7576
May,6063
Dec,6035
Dec,4330
Oct,427
May,782
Nov,223
Aug,853
Dec,8214
May,1706
May,6625
Jan,3678
Feb,4766
May,7308
Jul,9760
Mar,2945
Dec,3038
Jan,6419
Nov,2527
Dec,8456
Feb,9801
Mar,8256
Dec,7007
Sep,7832
Aug,5986
Apr,9492
Aug,5268
Sep,3381
Mar,8910
Jun,2812
Aug,5054
Oct,3823
Jul,1786
Sep,7540
Jul,1706
Jan,9645
Sep,4339
Dec,8910
May,5203
Jun,8645
Feb,380
Feb,5032
Apr,3650
Apr,2059
May,489
Jul,5283
Nov,3967
Dec,4460
Jan,2153
Oct,5108
Apr,8459
Sep,6416
Aug,2266
Mar,8206
Jun,6372
Nov,286
Sep,5282
Aug,9589
Jul,2745
Jul,1316
Jan,4727
May,1305
Jul,6803
Feb,327
Jun,2713
Feb,2236
Mar,7411
Jan,7058
Mar,349
Jul,2372
May,6138
Apr,3118
Dec,2315
Aug,2257
Aug,1896
Jan,3344
Sep,8146
Sep,396
Feb,2027
Feb,2356
Aug,7521
Dec,5301
Nov,1557
Jun,3646
Mar,7461
Dec,3764
Feb,9881
May,7754
Aug,195
Jun,4032
Dec,9651
Mar,7012
Dec,6240
Dec,1839
Sep,1452
Aug,5024
Oct,5857
Jun,1642
Jan,5344
Feb,930
Apr,1705
Feb,4745
Mar,8037
Aug,6952
Sep,6616
Jun,321
Apr,4051
Nov,8822
Feb,6593
Jul,9673
Oct,4217
Nov,5508
Jul,853
Oct,1288
Sep,7208
May,7587
Oct,8700
Apr,896
Oct,5245
Jun,6777
Dec,960
Feb,4271
Feb,8275
Dec,465
Sep,1614
Jul,5036
Jul,3034
May,9875
Jul,598
Sep,1469
Oct,9543
May,8990
Sep,8216
Jan,8423
Dec,5464
Mar,190
Jul,571
Apr,6184
Feb,9557
Dec,4582
Mar,5226
Jul,1211
Aug,697
Nov,9199
Sep,7718
Jun,1454
Oct,7977
Sep,2489
Apr,4175
Dec,563
May,1172
Jan,5546
Sep,573
Sep,5083
Sep,1038
Mar,1410
Oct,7291
Oct,2440
Oct,3620
Aug,4156
Mar,1186
Jun,7797
May,7204
Aug,6832
Mar,359
Jan,1756
Dec,6390
Sep,6013
Oct,8073
Sep,691
Mar,5967
Feb,9724
Apr,5677
Aug,328
Jun,9660
Oct,1724
Jan,7190
Aug,4079
May,839
Jun,6621
May,3274
Oct,5149
May,2747
Mar,6536
Apr,5486
May,4671
Nov,6694
Nov,7580
Feb,1285
Jun,689
Feb,4317
Apr,7748
Dec,1235
Jan,3520
Apr,101
Jul,991
Aug,7982
Feb,8162
Mar,3653
Jan,6169
Jul,9263
Apr,7057
Nov,4304
Oct,8571
Aug,5884
May,1798
Sep,2984
Jun,3679
Nov,7295
Oct,2351
Feb,4740
Jan,2456
Jan,3514
Dec,9300
Dec,5808
Sep,2178
Jan,4295
Mar,2814
Dec,7047
Feb,1438
Dec,3789
Apr,6714
Jan,841
Jan,833
Apr,7939
Apr,1906
Jul,1853
Aug,7458
Aug,5957
Aug,1124
Dec,9774
Sep,5864
Jan,5309
Sep,3654
Oct,6316
Aug,4918
Jan,4666
Jul,5425
Sep,6994
Apr,7182
Sep,3468
Jan,2729
Sep,7042
Jun,8820
Apr,4332
Dec,6761
Dec,7977
May,9763
Jul,6375
Oct,9659
Apr,1819
Aug,9333
Mar,3587
Feb,8275
Jan,5944
Jun,8851
Feb,9856
Aug,6575
Nov,5969
Oct,6562
Apr,1900
Sep,5175
Apr,4362
Apr,246
Dec,3928
Aug,2217
Dec,5547
Aug,5114
May,6047
Mar,418
Dec,5849
Feb,354
Sep,9628
Sep,5157
May,8626
Aug,4493
Jul,1144
Mar,1891
Dec,2619
May,1061
Sep,3849
Apr,4665
Mar,7616
Jul,2914
Aug,689
May,2088
Aug,3965
May,3089
Sep,5765
Jul,4641
May,2060
Sep,8946
May,1178
Aug,3174
Dec,9647
Apr,5129
Sep,9750
Dec,7486
Jun,4856
Jun,6475
Mar,4795
Mar,1019
Apr,1858
Jan,1931
Jun,9463
Jan,3378
Nov,459
Apr,7686
Jul,3910
Dec,1540
Jun,1819
Aug,5772
Apr,655
Sep,9525
Oct,2397
Aug,1635
May,6382
Jun,5185
May,9201
Jun,2061
Jan,8242
Apr,8303
Sep,1079
Apr,372
Feb,7357
Jun,5244
Feb,4733
Mar,8210
Jul,1788
Apr,1695
Jan,3342
Sep,4783
Jun,7714
Sep,5939
Mar,5886
May,5229
Sep,9493
Jun,2945
Feb,8548
Jan,6238
Sep,409
Jan,5434
May,7297
Jan,9380
May,1276
May,6283
Jul,3197
Jul,1824
Nov,2728
Oct,6244
Jan,1450
Sep,7825
Jan,719
May,2648
Jul,9670
Dec,5343
Aug,1077
Feb,5643
Jan,9829
Apr,5953
Dec,3872
Apr,2633
Oct,8769
Dec,1994
Jun,9924
Jan,5451
Jan,2140
Mar,1665
May,4225
Dec,4368
Jun,2939
May,567
May,3488
Sep,8276
Feb,6640
Dec,7347
Dec,2843
Jan,5742
Jun,9711
Sep,1126
Jul,4731
Aug,8892
May,3692
Oct,1087
Apr,8897
Jun,7338
Mar,2847
Jan,8430
Nov,5750
Apr,4325
Sep,4596
Apr,9536
Jan,8933
Apr,536
Jul,1523
Mar,9428
Oct,3821
Jun,5774
Jan,8349
Nov,1236
Apr,8991
Mar,1245
Jan,5679
Mar,9400
Apr,4595
May,6599
Jun,6342
Feb,8399
Feb,9197
Jun,5045
May,2092
Jan,4222
Mar,905
Nov,2092
May,7596
Dec,3700
Dec,4110
Feb,8375
Jan,4458
Sep,5415
May,3420
Feb,7649
Oct,2605
Apr,7928
Mar,7985
Jul,2556
Jan,7348
Oct,7968
Dec,6449
Dec,7063
Apr,3162
Jul,3952
Nov,5090
Oct,487
May,7137
Apr,7010
Apr,2103
Nov,9323
Dec,5845
Feb,1640
Aug,8741
Dec,3647
Apr,9388
Feb,9151
Sep,401
Dec,7204
Oct,2119
Jul,9172
Mar,4261
Jul,329
Jan,9213
Dec,7810
Jan,1932
Apr,8342
Apr,3778
Apr,7596
Sep,4582
Jun,9044
Mar,5987
Jun,1578
Feb,2188
Feb,6140
Jul,8252
Mar,3093
Jul,3440
Mar,2443
Dec,7288
Dec,1338
Feb,6956
Apr,5760
Apr,4439
Mar,8474
Sep,8835
Jun,2926
May,7191
Dec,192
Dec,2515
Jun,4354
Nov,8226
Aug,4633
May,6616
Apr,4501
Jul,3132
Dec,3389
May,4538
Apr,6967
May,3334
Nov,6097
Apr,6401
Aug,1233
Aug,2162
Jan,4727
Dec,3571
Mar,568
Nov,1444
Apr,9170
Feb,6198
May,3907
Nov,4836
Aug,5057
Dec,3445
Feb,688
Sep,3983
Jul,9621
Jun,191
Aug,557
Feb,1984
May,3221
Apr,7742
Aug,5711
Jan,8052
Dec,9695
Mar,3803
Oct,4582
Aug,2081
May,4566
Apr,2331
Jun,9063
Dec,5881
May,8496
Mar,8513
Nov,9483
May,3415
Apr,5275
Jan,1698
Jan,4362
Jul,1642
Apr,8433
Jan,189
Jun,4506
Nov,5590
Dec,3806
Nov,1309
Dec,5078
Nov,3324
Nov,4956
Jan,7893
Aug,6339
Dec,6953
Sep,9651
Nov,1638
Mar,248
Jul,8165
May,7799
Mar,1525
May,1817
Oct,9646
Jul,2735
Jul,2463
Sep,3207
Aug,5728
Apr,1601
May,1551
May,8741
Oct,1935
Dec,9735
Feb,5951
Dec,3048
Jul,4035
Jul,6930
Sep,3809
Sep,1389
Apr,603
May,8051
Jul,5151
Oct,3197
Jul,2247
Nov,9757
Oct,4620
Nov,1997
Aug,3816
Aug,8942
Feb,1310
Dec,2287
Sep,8158
Nov,3920
Apr,468
Jan,2943
Jan,3550
May,3618
Jul,6744
May,9928
Mar,3960
Nov,1244
Jul,3226
Jan,7760
Nov,117
Jan,6099
Dec,1756
Feb,1696
Jan,9237
Sep,1387
Apr,367
Jul,534
May,2135
Jul,2597
Jul,6540
Jan,6137
Jan,7906
Nov,3308
Mar,1713
Oct,9010
Feb,7264
Jul,2331
Mar,6563
Jul,9032
Sep,5795
Dec,9096
Nov,4612
Jan,8060
Mar,4986
Nov,3871
Jun,6123
Sep,6004
May,3612
Mar,9390
Aug,8203
Dec,1944
May,4024
Jun,4981
Feb,634
Apr,7677
Jan,5830
Apr,8576
Jan,8087
Apr,9421
Feb,8795
Jun,4241
Jun,8036
Aug,8828
Sep,8353
Aug,5961
Jan,5301
Mar,2483
Jun,8502
Jan,2547
Aug,4904
Jun,3369
Jan,8668
Oct,9477
Feb,7064
Jun,7162
Oct,3598
Aug,2947
May,7758
Jan,7546
Oct,8183
Feb,9078
Apr,832
Apr,5163
Jul,7413
Feb,7336
Jul,2799
Jul,2258
Jul,3764
Mar,9370
Jun,7911
Dec,8253
Jun,4719
Apr,2293
Jan,4663
Sep,9876
Feb,3106
Sep,4144
Aug,1310
Jan,2086
Nov,3270
Jul,7573
Oct,1848
Mar,857
Oct,9469
Oct,1018
Sep,9411
May,8997
Nov,6154
Mar,5029
Aug,2961
Dec,4594
Mar,1907
Jul,9691
Jul,2749
Jul,4523
Dec,1395
Jan,9912
Nov,2542
May,7739
Dec,2695
Nov,5237
Jan,1172
Jul,4175
Aug,9741
Jul,4042
Jan,1871
Mar,5775
Oct,1117
Mar,3792
Jul,8810
Apr,2451
Dec,9427
Mar,2872
Jun,1011
Dec,9107
Oct,1073
Jun,3202
Oct,7562
May,1900
Dec,908
Jun,5538
Mar,5233
Oct,8861
May,1069
Sep,4179
Apr,1979
Nov,3419
Feb,4805
May,6711
Mar,487
Dec,8167
Mar,6057
Apr,2589
Dec,7609
Apr,8807
May,6037
Jul,3944
Apr,2990
Nov,1542
Jul,822
Sep,9047
Mar,2350
May,2008
Apr,2686
Sep,8677
May,6226
Oct,6873
Feb,8290
Oct,4187
Jan,9783
Jul,5178
Nov,8242
Jan,3418
Aug,3138
Sep,9364
Jul,868
Sep,9278
Oct,5657
Jun,5362
Jul,296
Mar,2407
Sep,1489
Mar,6839
Jun,5411
Apr,3658
Sep,3090
Jan,6097
Sep,9961
Dec,9709
Apr,6353
Oct,6333
May,9878
Nov,4767
Jan,4502
Jan,6305
Jun,9223
Oct,7088
Jan,9834
Feb,2092
Mar,4159
Jul,7303
Feb,6993
May,3244
Sep,6982
Dec,7570
Dec,9826
Oct,2774
Aug,4648
Dec,9152
Aug,1652
Nov,6114
Feb,1492
Jan,8672
Sep,5438
Oct,748
Dec,6494
Apr,4760
Sep,920
Nov,571
Dec,8154
Nov,221
Jul,5545
Dec,7795
Jun,4976
Oct,2895
Sep,4316
Oct,2286
Apr,2234
Jan,2277
May,2399
Jun,6081
Jun,1483
Dec,4242
Jan,2068
Jul,6744
Aug,2572
Dec,5594
May,9542
Feb,6006
Feb,3210
Nov,8426
May,8901
Jul,9349
Jul,6671
Apr,3874
Nov,4755
Mar,358
Sep,6968
Dec,6917
Jul,5844
Feb,9207
Jan,4042
Nov,337
Feb,3455
Dec,8979
Mar,8004
May,6701
Mar,5806
Oct,1258
Sep,694
Oct,1850
Apr,502
Jul,9113
Apr,3938
Mar,2640
Oct,5978
Jan,7590
Dec,9989
Sep,5634
Nov,5386
Jan,1713
Nov,6679
Jan,5751
Jan,3779
May,3652
Jul,7338
Jul,5096
Oct,1564
Jan,6382
Jun,4982
Sep,6345
Jun,6711
Apr,3200
Oct,4213
Sep,4193
Mar,8224
Oct,4951
Apr,8978
Apr,3679
Apr,8892
Jun,9335
Nov,5545
Nov,9671
Jul,4628
Sep,7666
Nov,9333
Mar,1673
Aug,5820
Aug,9655
Jan,9302
May,1356
Oct,1227
May,9315
Dec,2884
Aug,6181
Aug,1149
Dec,5283
Feb,2401
Mar,9446
Feb,129
Jan,9078
Feb,9462
Oct,3298
Jun,1464
Dec,9833
Jan,4593
Jun,8605
Jan,2795
Feb,6745
Aug,8821
Jun,5980
Sep,8249
Jan,5959
May,8603
Jul,1095
Sep,6965
Nov,7596
Sep,2731
Apr,363
Apr,7784
Apr,8312
Mar,9488
Aug,5143
May,5216
Jul,3233
Oct,8497
Jun,1736
Sep,8922
Mar,7911
Jun,4635
Mar,1198
Feb,389
Mar,2704
Feb,307
Feb,8563
Oct,3778
Nov,8706
Jul,3568
Oct,9576
Mar,5086
Aug,9954
Feb,9333
Nov,4190
Nov,6903
Jul,2394
Mar,2561
Sep,8045
Jul,9635
Sep,5773
Feb,3467
Jun,1043
May,4256
Feb,265
Apr,2005
Apr,3156
Aug,9615
Jul,450
May,3409
Sep,5761
Jan,1031
Apr,3938
May,9405
Aug,8158
Mar,2089
Dec,9677
May,3584
Mar,7986
Jul,1216
Oct,8425
Mar,9519
Jul,7062
Feb,6067
Jul,8004
Sep,4633
Dec,8971
May,2769
Dec,9539
Jun,1291
Oct,1230
Nov,1503
Mar,5730
Oct,9622
May,5130
May,1481
Mar,469
Aug,5192
Jun,3894
Mar,6414
Jan,5800
Oct,9468
Jan,8667
Nov,2860
Oct,2043
Dec,1057
Feb,9102
Oct,5022
May,6729
Jul,1633
Jan,6985
Jan,8701
Apr,153
Oct,4896
Jun,9390
Sep,2496
Jan,9266
Nov,7951
Oct,5021
May,7353
Sep,4939
Aug,2658
Jul,8430
Oct,2620
Feb,4737
Sep,3927
Dec,6729
Aug,1437
Nov,2394
Oct,2777
Oct,6681
Sep,172
Sep,7336
Sep,7419
Mar,2241
Jul,4630
Dec,4652
Jan,3601
Sep,2177
Sep,9940
Mar,8626
May,4855
Dec,2715
Aug,5456
Jun,4272
Oct,1032
Oct,735
Sep,6783
Mar,5873
Dec,3329
Jul,1290
Jun,5608
May,111
Apr,9741
May,8160
Apr,548
Mar,7761
Jul,2596
Jun,5985
Apr,526
Sep,7199
Jan,9207
Jan,3269
Sep,546
Jul,2350
Feb,7211
Nov,2781
Oct,1501
May,3507
Apr,6861
Jan,1143
Dec,5463
Sep,491
Jun,4919
Nov,6979
Dec,6084
Jun,1385
Apr,6463
Feb,5227
Aug,6689
Aug,8933
Mar,9337
Jul,4137
Jul,6954
May,9449
May,3349
Aug,1643
Apr,891
Jan,8728
Jan,5270
Sep,6143
Apr,6198
Jan,7548
Feb,7311
Oct,4882
Jul,7898
Feb,4059
Jan,4464
Oct,1816
Sep,3736
May,7970
Apr,7461
Apr,5771
Nov,8480
Jan,5826
Mar,7657
Jan,7882
May,2818
May,2505
Sep,7987
Aug,8103
May,7818
May,9194
Jul,8632
Dec,2981
Feb,6810
Jul,743
Jan,120
May,777
Dec,9391
Dec,2750
Jun,3569
Nov,7986
Oct,4283
Jan,7186
Sep,7477
Sep,5784
Jan,2787
Apr,6696
Aug,1516
Feb,4505
Nov,7174
Aug,591
Oct,859
Dec,3601
Sep,8292
Sep,2188
Jan,3756
Sep,4867
Apr,311
Dec,8075
Dec,3822
Aug,403
Sep,4886
Mar,3872
Jun,1881
Mar,3325
Jan,9099
Oct,6839
Jun,7373
May,4303
Mar,1453
Apr,8471
Feb,9172
Dec,6374
Oct,1930
Oct,4798
Apr,4102
Apr,2900
Mar,7002
Jun,4363
Jan,322
Sep,2337
Nov,2678
Oct,1878
Mar,720
Mar,9505
Dec,4154
Mar,7566
Jul,5530
Aug,6479
Feb,4363
Jan,2340
May,8143
Aug,1462
Mar,2340
Jun,5621
Mar,6635
Jun,6844
Dec,8384
Apr,1338
Nov,6592
Jul,4708
Nov,7602
Oct,3570
Jan,4301
Jan,5451
May,5513
Sep,7532
May,6071
Apr,7537
Aug,4001
May,3728
Jan,1868
Jul,5452
Nov,3001
Apr,1641
Oct,2191
May,7842
Jun,8383
Jul,4954
Nov,9022
Feb,5149
Jan,5657
Dec,4532
Mar,8991
Oct,8087
Dec,5120
Jan,3114
Apr,6348
Jun,2116
May,1077
Nov,4310
Apr,7134
Jul,1358
Nov,1397
Nov,7497
Jun,6972
Mar,4229
Sep,1832
May,3042
Oct,548
Jan,9529
Jun,4600
May,8624
Oct,6233
Aug,265
Apr,4932
Dec,2874
Jan,9991
Nov,9705
Feb,9738
Aug,5120
Oct,7848
Aug,4844
May,9979
Jun,546
Feb,196
Nov,2526
Dec,3357
Sep,4826
Jun,6951
Dec,8794
Sep,8289
Nov,8356
Oct,6840
Mar,6814
Jun,761
Oct,8772
May,6979
Sep,4762
Oct,7915
Jan,3361
Sep,505
May,4960
Jan,3660
Oct,7956
Aug,9409
Jul,6790
Jun,5431
Feb,3540
May,841
Mar,7281
Feb,7831
Oct,3021
Jan,7474
Sep,7123
Feb,5661
Nov,5734
Jan,1010
Jul,4802
Sep,1518
Jun,5898
Aug,7798
Nov,4138
Jul,3545
Sep,231
Jul,5962
Jun,252
Jan,2578
Sep,8774
Oct,6216
May,404
Feb,2619
Dec,6212
Nov,1092
Aug,5747
Apr,7697
Mar,9006
Jan,1809
May,8118
Mar,9349
Apr,570
Sep,3565
Nov,9032
Jul,3666
Nov,8804
May,5334
Aug,3385
Jun,8651
Oct,384
Feb,3377
Jul,2731
Jan,1857
Mar,5579
Dec,9814
Jan,5887
Jan,9537
May,9704
Jun,5549
Dec,4938
Mar,9708
Mar,8649
Mar,3565
Jan,6148
May,6830
Jan,4235
Oct,3241
Oct,4653
Mar,296
Jun,1974
Nov,5930
Jun,6779
Mar,8086
Sep,1037
Aug,2294
Nov,4225
Mar,6350
May,8681
May,8262
May,6649
Mar,7278
May,8638
May,8410
Apr,8154
Apr,4715
Feb,9530
Sep,2566
Jul,8875
Jan,2859
May,1808
Feb,5508
Oct,6477
Jun,6504
Jul,7176
Dec,6321
Feb,4937
Nov,8963
Jun,1785
Mar,2585
Sep,9988
Apr,8040
Mar,3701
Nov,1553
Mar,3306
Feb,6812
Dec,3090
Sep,7646
Aug,1450
May,6442
Sep,7438
Feb,5534
Jun,4049
Jul,1379
Jun,6098
Mar,920
Oct,9635
Oct,6219
Oct,2395
Sep,103
Dec,2660
Aug,7081
Aug,130
Aug,6052
Sep,9944
Jan,8232
Aug,9590
Feb,985
Apr,7592
Jan,9492
Dec,4943
Jun,4138
Oct,2390
Jan,3994
Dec,4696
May,304
Sep,9775
Jan,5602
Sep,8297
Apr,7920
Mar,8240
Aug,631
Jun,8116
Jul,326
Sep,6242
May,7582
Feb,2199
Mar,7413
Mar,7390
Apr,4666
Oct,9188
Jul,9612
Dec,2761
Oct,1764
Jun,1625
Mar,3850
Jul,6857
Apr,3754
Oct,2667
Nov,1196
Nov,3198
Aug,3340
Jul,8067
Jul,6828
Sep,5428
Aug,7878
Dec,8179
Jan,3714
Jul,947
Mar,3716
Dec,2804
Apr,6854
Jun,3993
May,3094
Aug,4633
Feb,1600
May,2542
May,1825
Mar,9857
Oct,7441
May,425
Apr,4517
Nov,2766
May,9501
Oct,4461
Sep,7252
Jul,941
Jan,4878
Mar,2171
Sep,1384
Apr,1478
Apr,6439
Oct,2758
Jun,3661
Mar,6107
Mar,5552
Sep,4112
May,2078
Jul,4516
May,5596
Jun,7974
Aug,2324
Aug,7189
Feb,1053
Nov,7034
Sep,6017
Oct,8361
Dec,9386
Dec,5842
Dec,4353
Jun,648
Jul,1939
Mar,2051
Apr,9350
Jun,2607
Jul,9174
Jun,6450
May,7703
Dec,2725
Feb,5993
Dec,7500
Jul,2253
May,4861
Dec,7285
Sep,3666
Nov,359
Apr,9800
Oct,8604
Dec,1944
Feb,7369
Jul,1633
Jul,5696
Jan,4869
Nov,9715
May,2120
Mar,6458
Sep,5602
Sep,5343
Jul,1791
Dec,8619
Sep,1688
Dec,3853
Feb,197
Nov,4854
Oct,6273
Aug,9389
Oct,8152
Oct,5118
Oct,5804
Jan,8011
Mar,8376
Aug,1377
Nov,618
Aug,5526
Oct,7915
Aug,283
Nov,9264
Dec,2488
Nov,4422
Jul,5032
Feb,3927
Mar,2597
Sep,3579
Feb,8857
Jul,2035
Jan,6375
Mar,9118
Jan,449
Jun,198
Apr,1869
Jan,1904
May,9352
Apr,8212
Nov,4270
Oct,501
Nov,8479
Oct,8430
Feb,242
Jul,320
Dec,4340
Aug,7101
Apr,487
Sep,6091
Mar,659
Jun,1939
Nov,1871
Jul,8656
Jul,8708
Jun,7776
Sep,9927
Jan,2168
Sep,6857
Sep,616
Apr,9512
Dec,760
Dec,3516
May,8621
Mar,477
Jul,259
Feb,9555
Aug,4274
Sep,2299
Jun,9516
Sep,6376
Jun,2088
Mar,6877
Oct,6412
Mar,8268
Feb,965
May,8682
Apr,9700
Dec,5015
Jun,6341
May,7235
Jun,1654
Apr,4147
Mar,231
Jan,3779
May,6453
Jun,3176
May,1621
May,3369
Dec,540
Jun,1303
Apr,8532
Dec,3491
Apr,3821
Nov,6875
Aug,7260
Nov,7975
Aug,9495
Dec,1987
Mar,4370
Jul,8489
May,7805
May,4294
Dec,844
Mar,5646
Feb,552
Mar,3362
Jul,7845
Mar,598
Nov,240
Feb,1814
Apr,775
Dec,3605
May,3702
Jul,6775
Jan,9209
Aug,6604
Oct,4903
Mar,1830
Nov,6076
Jun,7911
Apr,7128
May,3818
Oct,7188
Dec,1724
Jun,1906
Feb,9746
Mar,8645
Aug,3033
Aug,1040
Jan,7887
Oct,4045
Aug,7158
Nov,4948
Feb,8521
Oct,4952
Oct,6559
Aug,4957
Dec,7838
Oct,337
May,3872
Jan,7835
Aug,2881
Dec,7187
May,2084
Jan,1152
Apr,7758
Jan,5354
Sep,450
Oct,1012
Feb,4545
Aug,9596
Apr,391
Sep,9504
Feb,7850
Dec,567
Mar,3377
Feb,5461
Oct,5403
May,3675
Nov,6692
Jan,4425
Dec,1164
Mar,4988
Jan,9985
Oct,2494
Aug,8378
Dec,3020
Apr,6958
Mar,103
Aug,6040
Sep,8148
Aug,9813
Jun,2077
Mar,9766
Aug,9422
May,9172
May,9693
Dec,1850
Sep,101
Jan,9436
Jul,9930
Aug,8440
Nov,4347
Oct,7832
Mar,6135
Aug,2143
Jan,1802
Aug,6047
Jul,1487
Apr,9955
Nov,5926
Jul,9542
Oct,4562
Nov,2136
Jul,6505
Oct,6889
Dec,6219
Jan,637
Mar,9846
Jul,9082
Nov,6963
May,2048
Sep,5278
Jul,5204
Mar,4243
Jan,9727
May,2948
Oct,8405
May,2443
Jul,4633
Jan,261
Oct,8795
Feb,2734
Nov,5201
Jun,5866
Aug,9686
Apr,1609
Mar,2419
Mar,6205
Mar,8771
Feb,9046
Jan,4099
May,8495
Oct,3449
May,4311
May,491
Apr,8051
Mar,6931
Dec,2873
Mar,2516
Feb,1338
May,6812
Apr,840
Jun,6570
Feb,9827
Feb,7591
Aug,468
Jun,5009
Mar,5319
May,9390
Mar,7704
Nov,9683
Feb,6306
Mar,1747
Jan,9970
Jul,2924
Jun,4270
May,6009
Jun,3881
Aug,3228
Mar,9564
Mar,2079
Dec,6712
May,6122
May,6181
Nov,9868
Jan,7932
Apr,9761
Sep,9271
Aug,1355
Mar,9933
May,399
May,7909
Jul,4621
Aug,3142
Sep,8692
Jul,1380
Feb,9153
Aug,4689
Aug,8233
Nov,6732
Feb,2884
Jun,7498
Oct,6808
Jan,7273
Nov,4259
Jul,9403
Oct,9348
Feb,9387
May,2400
Jul,6350
Oct,8069
Nov,4091
Sep,613
Jan,4331
Sep,6652
Nov,8412
May,9793
Jun,2947
Aug,1217
Nov,8796
Feb,9915
Dec,7961
Jul,2338
Dec,6700
Apr,2533
Sep,9094
Jun,7109
Jul,7266
Nov,4473
Jun,8246
Nov,1571
Aug,9118
Jun,1528
Jul,4974
Aug,8023
Jan,4406
Oct,3881
Dec,2417
Apr,6788
Jun,1106
Jan,1737
Apr,9136
Jun,5211
Jul,7549
Jun,3387
Nov,5540
Apr,2961
Dec,738
Jul,8784
Oct,5825
Feb,2275
Jun,5695
May,1585
Feb,6681
Sep,4643
Jul,5321
Mar,8850
Jul,3848
Nov,9261
Nov,5132
Jun,6526
Jul,4109
Apr,5423
Oct,8377
Aug,5543
Aug,6407
Jul,3228
Jul,4401
Oct,6127
Aug,5509
Jan,1046
Jun,3308
Feb,3540
Jan,1645
Dec,3607
Oct,129
Jul,9763
Jun,1509
May,3779
May,8820
Sep,5247
Sep,225
Dec,5008
Dec,6742
Jun,3358
Mar,8945
Jul,8241
Apr,9032
May,2361
Jul,8053
Dec,8582
Jul,1793
Oct,5987
Aug,4744
Jan,9611
May,2921
Dec,3762
Sep,5294
Jul,1495
Nov,3067
Dec,4061
Feb,2714
Jan,6970
Aug,1644
Sep,5325
Oct,8086
May,4982
Nov,4533
Jun,7134
Feb,9348
Nov,9737
May,1196
Dec,1304
Apr,8047
Aug,7419
Aug,3683
May,7639
Nov,7240
Aug,2138
Jun,8279
Oct,6026
Jun,8323
Apr,3074
Oct,3668
Dec,8306
Nov,8398
Mar,3893
Sep,301
May,8056
Oct,7485
Oct,6107
Apr,1894
Jun,1508
Apr,1016
Jun,4531
Oct,7878
Aug,9976
Aug,6446
Dec,3266
Jun,7444
Jan,164
Jan,4748
Mar,4419
Feb,3750
Jan,6498
Jan,2115
Dec,9613
Dec,4124
Dec,6414
Jun,8904
Jul,8943
Aug,1487
Mar,5279
Jan,6698
May,6579
Aug,4863
Dec,4209
Nov,5635
Nov,3228
Apr,4966
Feb,5185
Sep,637
Dec,8029
Sep,5131
Mar,6098
Jul,7779
Jan,2137
Aug,9254
Aug,1343
Mar,7217
Dec,8824
May,3230
Apr,5579
Jul,1753
Nov,8404
Jul,8074
Nov,9591
Aug,2404
May,7020
Nov,9993
May,3914
Aug,8512
May,5138
Jan,3881
Nov,2058
Mar,1396
Feb,6441
Dec,5823
Oct,9324
May,5182
Aug,4422
Sep,7401
Sep,3328
Jan,6668
Jan,1575
Jan,2507
Jan,7643
Sep,1035
Jan,5515
Jul,2345
Jun,5789
Sep,4437
Nov,6672
Sep,4050
Apr,2758
Sep,6249
Jun,7585
May,3383
Sep,1396
Jul,1747
Sep,8651
May,3552
Apr,9456
Oct,8192
Mar,5729
May,3344
Sep,7287
Mar,4125
Jan,8794
Feb,6470
Oct,4304
May,9635
Mar,3912
Jun,9102
Nov,7354
Aug,885
Jun,327
Oct,5047
Sep,7577
Jun,927
May,478
Apr,6356
Feb,9420
Jun,6182
Feb,8582
May,3648
Jan,7788
Mar,159
Oct,5531
May,2770
Jul,3439
Aug,2889
Jul,3754
Jul,5648
Nov,5202
Feb,7618
Jun,2762
May,301
Nov,7187
Sep,8762
Dec,8043
Oct,3126
Nov,3456
Apr,4073
Dec,4571
Jul,4337
Nov,3223
Aug,2407
Jun,6103
Mar,3890
Nov,6035
May,6621
Jan,3210
Aug,8639
Dec,1701
Dec,3877
Dec,5023
Nov,6019
Feb,3878
Oct,8613
Jul,5963
Sep,279
Jan,4065
Apr,8320
Jul,9029
Sep,3819
Feb,6430
Feb,154
Jun,6757
Mar,9725
Apr,8098
Mar,2164
Jan,4283
Jun,3394
Nov,3955
Nov,2851
Feb,824
Feb,9545
Jul,9469
May,9588
Aug,8149
Feb,9186
Oct,2599
Aug,1429
Jul,5217
Oct,2727
Aug,2550
Nov,9461
Mar,7157
Aug,7965
Jun,4394
Feb,9756
Jun,1830
May,8249
Mar,1223
Jan,7293
Jul,4721
Feb,1588
Jan,364
Jan,2129
Jul,6974
Dec,9535
Jan,3866
Sep,8687
Jun,7156
Apr,9772
Dec,8399
Apr,3663
Dec,8171
May,7949
Feb,6135
May,8059
Feb,3296
Dec,1285
Apr,4231
Oct,3175
Nov,512
May,8774
Jun,3947
Jun,8894
Sep,8074
Apr,1181
May,4455
Jun,7762
Apr,8316
Jun,8489
Feb,2726
Dec,8714
Jul,1241
Mar,7035
Oct,1220
Apr,4627
Sep,7206
Dec,6793
May,5003
Sep,155
Oct,6858
Oct,2363
Oct,8312
Dec,6453
Oct,8582
Jun,2094
Aug,934
May,4383
May,5370
Mar,4409
Jul,1601
Feb,4788
Nov,4236
Dec,119
Mar,1132
Feb,9116
Aug,3374
Apr,847
Oct,7104
Aug,1067
Aug,3647
Aug,2898
Aug,3115
Aug,6705
Dec,1904
Sep,2123
Feb,8692
Sep,4532
Aug,9660
Nov,3424
Oct,7263
Jan,1977
May,9689
Nov,3775
Feb,7061
Oct,105
May,5633
Aug,8877
Sep,9813
Sep,5275
Jan,3978
Jul,3569
Dec,9113
Nov,4433
Aug,6733
Oct,3193
Mar,957
Jun,7718
Nov,8077
Mar,2650
Sep,1325
Mar,8945
Feb,7553
Sep,7500
Nov,9631
Aug,4656
Aug,2817
Feb,3492
Jun,8254
May,9354
Dec,6222
Feb,4628
May,9900
Apr,1181
Sep,6739
Dec,7118
Jan,6205
Jun,4850
Jul,2754
Dec,255
Jun,4396
May,3169
Dec,2063
Apr,4694
May,7763
Sep,6403
May,9526
Oct,6242
Aug,9768
Jul,3855
Apr,930
Oct,6674
May,6221
Jul,6174
Jun,1442
Mar,7779
Oct,7429
Mar,1944
Feb,561
Mar,3091
Nov,6943
Oct,9870
Jan,300
Sep,615
Feb,5971
Dec,5550
Mar,4939
May,6590
Oct,3331
Dec,3796
Apr,9567
May,3393
Jun,7101
May,1729
Oct,4118
Jan,4589
Jun,7663
Sep,2116
Mar,8458
Feb,1075
Jun,4647
Dec,7405
Mar,959
Apr,4044
Jun,309
Dec,9900
Dec,313
Jun,5997
Dec,5882
Feb,7502
Mar,9264
Sep,403
Feb,7376
Mar,7100
Sep,8274
Apr,960
Jan,4147
Nov,1955
Feb,7051
Mar,2267
Sep,6059
Sep,1733
Nov,2574
Jun,5140
Nov,2477
Jun,3511
Mar,4759
May,4375
Nov,4485
Apr,8777
Oct,9652
Oct,7375
Dec,872
Sep,1932
Sep,7705
Jan,1399
Aug,8473
Sep,9554
May,8437
Apr,5263
Oct,1939
Apr,4694
Feb,902
Sep,4050
May,1418
Nov,6218
Mar,4726
Jun,3040
Sep,7669
Sep,7498
Dec,5558
May,2152
Aug,6554
Apr,6405
May,8507
Jul,885
Jul,7079
Jul,1735
Aug,7438
Nov,3209
May,6153
Jan,5104
Nov,5856
Sep,7545
Sep,384
Jul,2513
Dec,1743
Jun,7335
May,9419
May,9561
Mar,6435
Oct,743
Jan,7411
Jun,8317
Aug,4037
Feb,4907
Aug,6436
Aug,6624
Oct,1125
Aug,5822
Oct,1168
Mar,9230
Oct,4198
Aug,8115
Nov,9764
Dec,275
Dec,8195
Apr,1243
Mar,5993
Nov,7441
Sep,3610
Aug,4162
Oct,7897
Feb,1050
Aug,4536
Nov,2844
Nov,8412
Mar,4770
Oct,2020
Dec,9976
Jun,5712
May,6519
Aug,9260
Sep,6272
Nov,6030
Jul,3908
Jun,4838
Jun,6595
Jan,1204
May,4489
Aug,3984
Jun,832
Dec,1681
Jan,3779
May,3952
Nov,2527
Dec,423
May,3799
Dec,5281
Mar,7413
Aug,8653
Sep,2200
Jun,2854
Jun,1572
Feb,1206
Oct,1903
Feb,8372
Jun,6757
Dec,7006
Aug,5455
Feb,3088
Sep,7304
Dec,5876
Sep,8616
Apr,2461
Apr,1334
Apr,202
Nov,5012
May,846
Aug,5008
Feb,3791
Nov,9539
May,3164
Feb,5512
Nov,1819
Nov,2302
Aug,5251
Jan,6126
Jul,7837
Mar,5552
Apr,7284
Aug,1889
Mar,359
Dec,2018
Jul,6604
Dec,5618
Jan,6703
Sep,8275
Jun,7352
Mar,7330
Jul,199
May,4005
Aug,2442
Aug,8191
Dec,3333
Sep,5124
Jun,427
Apr,9643
Feb,2389
Mar,1465
May,1508
Aug,9802
Dec,319
Oct,6507
Feb,3339
May,1369
Sep,7642
Feb,3917
Aug,7289
Mar,6957
Aug,167
Apr,9963
Apr,9034
Dec,7325
Jul,5483
May,2112
Apr,9997
Jul,9738
Dec,3169
Mar,7766
Sep,390
May,6412
Dec,7827
Mar,3779
Feb,4010
Jul,4751
Dec,452
Jul,1363
Dec,1926
May,4478
Apr,1705
Nov,3498
Feb,4651
Feb,3106
Jul,1104
Oct,6067
Jul,6528
Apr,2178
Apr,2595
Apr,2361
Nov,1837
Feb,3196
Sep,8027
Jan,2544
Aug,436
Jun,3083
Oct,9259
Jul,7098
Dec,5098
May,8963
Jun,9595
Jun,8287
Sep,2695
Oct,3070
Apr,3369
Dec,578
Nov,943
Dec,1725
May,1980
Apr,8796
Jan,8401
Oct,9697
Jun,4592
May,3580
Apr,8642
Jun,9849
Dec,3142
May,2936
Mar,8178
Feb,7974
Jun,6664
Apr,3728
Nov,5117
Oct,8402
Mar,7706
Aug,1301
Dec,6103
Sep,110
Jul,9881
Feb,1601
Aug,8420
Nov,8005
Nov,3703
May,4295
Nov,389
Oct,5788
Jul,7493
May,9968
Feb,7705
Dec,2793
Dec,9662
Dec,8474
Apr,450
Nov,3686
May,6015
Jun,9693
May,5684
Oct,2949
Nov,4535
Jan,6504
Jan,4027
Mar,6614
Sep,7540
Nov,5916
Feb,6692
Oct,5925
May,3588
Sep,1995
Jul,3008
Nov,1511
Aug,5557
Feb,4099
May,5548
Sep,8947
Jan,6392
Jan,8641
Oct,7108
Aug,1243
Feb,497
Sep,745
Oct,7706
Sep,4232
Apr,2334
Feb,9775
Mar,2062
Oct,909
Jan,6573
Mar,7583
May,4515
Mar,6718
Mar,8805
Oct,8625
Jun,4919
Mar,107
Mar,5915
Sep,8232
Feb,5514
Jan,9590
Oct,3046
Aug,5836
Mar,1944
Jul,3711
Feb,7659
Nov,8284
Nov,5786
Dec,3165
Aug,9394
Sep,779
Aug,7290
Aug,5447
Aug,4147
Jul,109
Feb,6563
Aug,5421
May,4316
Jun,8965
Apr,7834
Jan,7606
May,1556
Mar,143
Sep,7426
Apr,7876
Oct,4670
Feb,2671
Apr,9707
Mar,8300
Mar,5732
May,1962
Jan,1333
May,3225
Aug,4811
Oct,2557
Dec,8301
Sep,6799
Dec,8559
Jan,7257
Feb,2814
Feb,4646
Jun,7464
Jan,7319
Nov,7736
Jan,9683
Feb,7641
Dec,9374
Apr,8585
Feb,2935
Apr,8113
Mar,8055
Mar,4305
Sep,2254
Aug,5208
Dec,4023
Dec,6184
Oct,7362
Sep,3968
Jan,3890
Dec,9136
May,9999
Dec,2107
Dec,1373
Apr,6973
Nov,6952
Sep,9504
Mar,7911
May,2364
Aug,1710
Oct,9710
May,1886
Sep,4499
Feb,3582
Jun,6646
May,8671
Sep,6695
Jul,793
Aug,9739
Jul,7125
Oct,1855
Oct,7133
May,7793
Nov,947
May,4161
Nov,1295
Apr,9804
Feb,5578
Sep,6432
Oct,8254
Oct,5748
Dec,3420
Oct,2557
Oct,3550
Mar,8518
Nov,1907
Nov,518
Mar,3255
Mar,9210
Aug,7464
Jun,3918
Jan,2731
Dec,3774
Mar,9637
Apr,4730
Feb,6968
Jun,5613
Oct,1929
Dec,9955
Jan,8376
Jan,3912
Aug,986
Apr,7694
Jan,2897
Jul,4247
Sep,2231
Oct,2859
Jul,9032
Jan,2976
Jan,155
Dec,3462
Jan,9098
Aug,3156
Jul,4850
Mar,9298
Mar,5103
Dec,8005
Mar,4203
Feb,6367
Apr,1881
Jul,1089
Sep,7652
Mar,5299
Oct,3469
Jul,477
Dec,2477
Apr,6145
Jan,381
May,3019
Aug,7084
Mar,3694
Oct,1938
Apr,6670
Mar,8506
Oct,4830
Aug,2220
Oct,2970
Aug,885
Apr,7873
Nov,1037
Feb,9981
Dec,9548
Mar,3212
Mar,6532
Apr,6798
Nov,7537
Feb,4634
Feb,9629
Mar,5729
Dec,6271
Jan,8561
Aug,1590
Jun,6141
Mar,9972
Jan,4869
Mar,6489
Jan,8701
Mar,6741
Apr,9733
Jun,7255
Jul,9083
Jul,5442
Sep,459
Aug,4777
Apr,5239
Jun,8714
Nov,8412
Jan,2320
Aug,4229
Jun,8362
Feb,3792
Aug,4730
Apr,8305
Sep,5525
Apr,4000
Jan,8562
Jul,5992
Oct,5713
May,9875
Oct,622
Nov,2917
Dec,5050
May,2939
Apr,7989
Jun,7591
Jan,8114
Mar,7791
Nov,542
Dec,6494
Jul,8102
Nov,9513
Aug,994
Dec,2353
Sep,2110
Jan,6957
Apr,5093
Feb,4735
Feb,7908
Jan,7097
May,9337
Feb,4933
Apr,3034
Sep,8762
Nov,471
Mar,7098
Aug,1503
Oct,4702
Jun,4046
Oct,4773
May,1107
Feb,767
Nov,1546
Mar,4066
Aug,4468
Dec,5417
Dec,7346
Sep,3129
Nov,8332
Nov,5992
Jul,7290
Jan,4904
Dec,6479
Dec,8417
Jun,877
Jul,9127
Dec,9170
Jun,4589
Oct,6370
Nov,7381
Feb,9128
Sep,8816
Mar,9543
Jun,7788
Jun,4341
Aug,7430
Apr,9026
Jun,6971
Jan,268
Sep,9440
Dec,8591
Sep,5133
Jul,621
Nov,8909
Jan,8593
Mar,8944
Dec,3401
May,4259
Apr,2379
May,9914
Jul,1781
Sep,191
Jan,3806
May,1060
Mar,4259
Mar,943
Nov,318
Feb,8995
Jun,6128
Jun,346
Mar,5209
Jan,8348
Jul,6224
Feb,6425
Aug,6407
Mar,2012
Jan,4321
Oct,7474
Sep,366
May,3582
Jan,9972
Oct,1631
Nov,4664
Jun,4328
Oct,7255
Mar,9311
Nov,417
Apr,9892
Aug,810
May,8742
Dec,1843
Jun,1423
Oct,2780
Apr,4337
Jun,3151
Mar,4764
Oct,2804
Dec,5775
Jan,6887
Jun,2740
Jan,7476
Oct,8238
Dec,5462
Mar,794
Dec,4353
Aug,8631
Jul,1868
Aug,8383
Oct,271
Oct,2849
Feb,3202
Oct,720
Jul,5314
Apr,9280
Jan,176
Nov,2298
Mar,4337
May,8522
Oct,6127
Aug,5955
Feb,2644
Feb,2957
Aug,1653
Sep,6374
Oct,3840
Jan,9253
Feb,1727
Apr,1174
Dec,3304
Mar,1128
Jan,747
Apr,5403
Nov,3262
Nov,1002
Feb,4167
Oct,9795
May,5176
Jan,2997
Aug,9637
Oct,5662
Feb,8273
Nov,8781
Mar,5352
Mar,7951
Apr,8717
Jul,7328
Sep,5781
Mar,5695
Jan,7490
Nov,4091
Oct,9699
Jan,6562
Dec,6468
Nov,8714
Jun,9506
May,4042
Oct,1900
Jul,2477
Jul,7423
Mar,2203
Jul,1371
Sep,5120
Aug,534
Mar,3698
Oct,3871
May,8826
Aug,8672
Feb,2250
Jul,4224
Nov,5702
Oct,5267
Oct,5586
Jul,4149
Nov,646
Dec,4522
Aug,4924
Jan,3215
Aug,318
Jan,225
Mar,9620
Sep,9515
Apr,4280
Oct,5260
Sep,2870
Jan,9866
Aug,2042
Mar,4557
Nov,1354
Jul,1087
Feb,7337
Jul,8211
Jul,8055
Sep,5453
Feb,9609
Aug,1471
May,460
Oct,8204
Sep,8649
Aug,7884
Mar,8188
Mar,7829
Nov,2883
Dec,163
Oct,2328
Aug,3949
Sep,6432
Feb,4038
Mar,1615
Aug,8871
Feb,6413
Aug,7886
May,2258
Jun,2225
Oct,6496
Dec,2383
Apr,6336
Mar,7909
Aug,3205
Sep,3652
Aug,3575
Sep,1938
Jan,8513
May,8153
Dec,995
Jul,5709
Aug,6013
Nov,3511
Feb,3108
Dec,9276
Nov,9924
Apr,3770
Jul,2990
May,6385
Jan,1508
Feb,3972
May,4777
Jun,9627
Jan,7546
Dec,6589
Mar,3558
Jun,4497
Jun,5983
Jul,8188
Oct,7506
Dec,3700
Mar,7171
Jan,5568
Jul,5107
Dec,9667
Nov,6397
Mar,9825
May,4790
Apr,5786
Dec,3596
Jan,3572
Dec,7326
Jul,9457
Apr,4661
Jan,7714
Nov,2458
Jun,8350
Apr,7357
Apr,6313
Feb,8476
Jan,7705
Mar,2719
Oct,9972
May,677
Dec,5343
Sep,8362
Jul,655
Apr,951
Aug,9510
Dec,3740
Apr,2012
Jun,2830
Dec,5519
Jan,2465
Jun,7638
Oct,366
May,4016
Feb,7428
Jan,9692
Jun,2426
Nov,2901
Feb,5652
Sep,2134
Sep,7553
Jan,1084
May,4199
Aug,6563
Apr,1175
Mar,1123
May,3997
May,7070
Aug,8571
Jun,1211
Feb,9475
Nov,5180
Jan,8081
Mar,2175
Feb,4042
Apr,371
Mar,9415
Sep,9519
May,289
Apr,8837
Oct,4114
Sep,8242
Apr,5043
Jun,4966
Oct,868
Jan,5266
Feb,9302
Apr,7689
Sep,4898
Jun,564
Jun,2700
Nov,1016
Sep,9744
Dec,6226
Apr,7251
Mar,165
Jul,9791
Dec,2004
Jul,7293
Sep,4671
Jun,6816
Feb,9178
Jun,7073
Aug,3908
Jun,7665
Sep,7961
Apr,2060
Mar,2847
Nov,143
May,3942
Mar,4805
Nov,1988
Dec,3998
Feb,5983
Feb,9011
Apr,790
Mar,6942
Sep,8401
Jul,4658
Jun,8806
Oct,7820
Dec,8928
Aug,3428
Sep,5412
Mar,726
Dec,169
Oct,7649
Jul,5713
Sep,4419
Jan,6061
Oct,4077
Sep,7600
Jul,8159
Oct,6884
Apr,1734
Nov,2643
Dec,7453
Jun,868
Nov,5864
Nov,2703
Jun,1091
Jun,9821
Feb,588
May,8279
Jul,4252
Jun,611
Mar,5797
Nov,834
Dec,5778
May,3409
Aug,8662
Nov,4801
May,1959
Dec,7819
Oct,1016
Mar,7009
Sep,7364
Nov,6781
Mar,2762
Feb,4792
Jun,9529
Aug,1435
Jun,5150
Jan,861
Aug,2231
Jan,4914
Sep,9240
Aug,401
Jun,7840
Feb,3794
Sep,2801
Aug,9767
Apr,8905
Feb,6314
Jun,5744
Jan,5620
Jul,768
Jan,2228
Jun,6838
May,317
Dec,9040
Oct,4320
Mar,8492
Jun,2721
Apr,5239
Dec,821
Jun,9243
Apr,1981
Jan,1532
May,5281
Aug,2420
Jun,7050
Oct,7277
Sep,8990
Apr,721
Oct,559
Sep,9376
Aug,7325
Mar,8591
Jun,9567
Apr,9722
Jan,8241
Sep,5475
Apr,3552
Nov,7412
May,6025
Mar,1921
Apr,6531
Sep,1088
Jul,8505
Aug,631
Mar,3017
Mar,6985
Jul,3719
Aug,6664
May,3160
Jan,9900
Mar,2624
May,789
Mar,1200
Jan,8410
Jul,5401
Jan,8797
Oct,7917
Jun,2300
Jun,9333
Jul,596
Dec,4274
Nov,8350
Jan,5630
Nov,7069
Mar,1753
Dec,7346
Sep,9998
Feb,343
May,2355
Mar,7099
Dec,9966
Dec,6843
May,2792
Jul,6173
Jan,8330
Mar,3347
Nov,6721
Jun,1715
Jul,119
Oct,320
Mar,3871
Apr,7421
Jun,6706
May,7676
Nov,8542
Sep,7928
Dec,606
Jan,4841
May,9160
Nov,4687
Jan,6538
Aug,6700
Jul,9461
May,5457
Jun,839
Apr,8715
Sep,3155
Mar,4487
Feb,2303
Jul,4022
Feb,2057
Jun,5426
Nov,1889
Aug,6501
Mar,684
Mar,6278
Mar,3300
Jan,1442
Sep,4290
May,9500
Sep,4885
May,9457
Jul,4856
Jan,6125
Sep,7555
Jan,1162
Apr,8817
Jul,4602
Nov,9674
Dec,5081
Sep,6712
Jan,5068
Dec,6166
Nov,5500
Jun,5784
Nov,6938
Oct,7453
Nov,2087
May,4167
Mar,5168
Oct,4204
Feb,8977
Jan,7906
Feb,6754
Dec,3834
Apr,6904
Jun,1341
Dec,3600
May,9953
Apr,5830
Aug,5630
Dec,3361
Jul,7364
Apr,3943
Oct,4925
May,2081
Dec,747
Oct,4023
May,2082
Mar,5355
Sep,2119
Nov,9114
May,4774
Dec,8171
Oct,7080
Feb,2932
Apr,9312
Dec,9373
Apr,7202
May,6091
Aug,4308
May,3775
Jan,1879
Feb,4796
Mar,4637
Mar,8519
Oct,973
Jun,4866
Sep,3528
Oct,9583
Jan,5704
Jun,9319
Sep,3649
Apr,8412
Oct,9033
Mar,3981
Jun,9801
Jun,9534
Feb,4889
May,7545
Jan,4452
Sep,7571
Sep,7159
Mar,5749
May,5108
Mar,7417
Jul,8885
Jan,1133
May,311
Jun,6157
Nov,9697
Dec,5608
Jul,5117
Mar,8222
Jul,8225
Apr,6579
Oct,9213
Nov,4162
Jun,7448
May,8042
Apr,8045
Jun,3338
Dec,1593
Mar,1677
Mar,1697
May,2528
Nov,412
May,6786
Sep,4175
Apr,103
May,7161
Dec,9177
Sep,5318
Apr,291
Mar,2480
Jul,1335
Jul,7862
Aug,8031
Apr,2503
Apr,6121
Sep,7520
Oct,6834
Jul,8553
Mar,2469
Sep,2567
May,4527
Apr,1359
Jan,2154
Sep,633
Jun,2219
Nov,1623
Feb,3557
Jul,2689
Mar,4519
Jun,7192
Aug,6844
Mar,2040
Dec,3836
Dec,172
May,2987
Jun,5457
Jan,9279
Oct,1445
Jul,9323
Apr,2106
Oct,9522
Nov,8702
Jul,1919
Jul,6894
Nov,7313
May,3192
Aug,5389
Aug,2691
May,7683
May,2602
Jul,8953
Jun,9521
Apr,9648
Feb,3192
Aug,7161
Mar,1773
Feb,9380
Dec,6102
Oct,7408
Jul,6759
Oct,599
Jun,425
Aug,6133
Jun,987
Jul,9287
Feb,3773
Oct,8035
Feb,1028
Jun,4503
Sep,5526
Mar,8090
Nov,9946
Oct,724
Aug,4444
May,2471
Jun,4799
Jun,8350
Nov,5216
Dec,6337
Oct,9569
Nov,8978
Mar,7727
Nov,4710
Nov,632
May,4597
Dec,3952
Jan,3504
Feb,2868
Oct,2755
Mar,2240
Apr,7824
Sep,673
Jan,1665
Mar,536
Mar,3689
Jun,1498
May,9846
Mar,7791
Apr,3366
Nov,6508
Jul,3597
Mar,5056
Sep,2074
Aug,9158
Feb,9345
May,5510
Apr,7842
Dec,2634
May,7673
Mar,8319
Oct,3317
Nov,2435
Jan,4776
Aug,6495
Sep,7429
Aug,2257
Apr,2791
Dec,6641
Feb,3442
Apr,1655
Sep,375
Oct,2836
Sep,9639
May,3189
May,7678
Oct,8068
Mar,2272
Jun,252
Jul,1704
Dec,6901
Oct,7824
Dec,1926
Sep,8538
Jul,5609
Mar,1470
Dec,5422
Jul,5228
Jan,5911
Feb,1791
Apr,6774
Jul,3490
Sep,2498
May,9962
Aug,136
Jul,1727
May,2439
Mar,6260
Mar,1471
Jun,776
Oct,5172
Nov,352
Apr,2964
Mar,1716
Apr,2331
Mar,6533
Dec,860
Oct,3386
Nov,6401
Nov,7166
Dec,6934
Jun,492
Jul,8722
Apr,1096
Mar,7248
Mar,9383
Nov,1200
Mar,8393
Sep,9184
Nov,2360
Nov,2280
Dec,5416
Mar,1880
Mar,6533
Aug,9571
Apr,4108
Jul,7473
Mar,3386
Aug,4617
Mar,2728
May,638
Jan,1880
Dec,6705
May,2448
Jun,5507
Jul,7269
Feb,2060
Feb,3191
Sep,7197
Oct,3662
Jan,5181
Feb,5001
Feb,2404
Oct,2585
Jul,8028
Jun,8275
Sep,748
Nov,7990
Jul,3915
Mar,6379
Mar,9843
Jan,9594
Aug,2732
Jan,8003
Nov,1368
Feb,1873
Nov,7120
Dec,3727
Jul,1266
Jan,2648
Dec,1650
Apr,2240
Sep,5602
Aug,6108
Nov,6522
Aug,5946
Dec,3620
Mar,8028
May,7225
Apr,8912
Nov,5507
Dec,2623
Aug,4867
Nov,8462
Jul,5744
Jul,2519
Oct,9708
Oct,6177
Jul,7777
Jan,1038
Jul,5030
Apr,6452
Dec,7043
Mar,7711
Dec,8164
May,3277
Feb,5451
Aug,5200
Dec,3896
Dec,2984
Sep,1372
May,6507
Mar,1852
Oct,7770
Jul,7530
Jan,1791
Oct,9549
Mar,8723
Sep,5273
Feb,4005
Nov,6146
Sep,6180
Nov,6256
Jan,6914
Apr,6784
Dec,2204
Oct,5199
Jun,9476
Jul,536
Mar,4425
Sep,7108
Apr,8913
May,8926
Aug,2093
Dec,2775
Mar,5961
Aug,2440
Nov,9701
Jan,3916
Aug,9120
Nov,2381
Nov,7563
Dec,5922
Oct,8828
Aug,9694
Jun,9096
May,6782
Sep,9143
Jun,8197
Jan,655
Dec,8167
Jun,5441
Jan,5143
Jun,7500
Mar,6129
Jun,6918
Jun,2194
Jan,3578
Sep,3030
Aug,8545
Feb,3620
Feb,158
May,3802
Oct,2707
Feb,5210
Nov,8556
Jan,1807
Feb,2393
May,2584
Nov,2835
Oct,3555
Jul,1037
May,977
Jan,8838
Jul,2562
Jun,4593
Jul,6235
Feb,8081
May,2315
Aug,5826
Dec,6047
Jul,8521
Jun,1527
Jun,6387
Dec,1799
Jan,2245
Jan,8298
Jul,7058
Mar,4372
Jun,9521
Dec,1923
May,4084
Mar,8922
Jun,8561
Mar,3871
Aug,600
Jul,5706
Sep,8039
May,5707
Dec,2850
Jan,1412
Nov,2253
Oct,4836
Nov,708
Aug,5204
Feb,1763
Jun,3394
Jan,6024
Jun,2097
Apr,6122
May,3285
Oct,1631
Jul,4316
Jun,7484
Jan,3806
Sep,7359
Jun,4602
Jun,8967
Sep,9946
Dec,5104
Oct,3644
May,3918
Nov,8187
Jun,7182
Jun,3543
Jul,5809
Sep,1147
May,9623
May,2760
Apr,8030
Oct,7158
Apr,6366
Dec,9055
Aug,8177
Feb,3508
Oct,6401
Aug,7594
Feb,1784
Jan,969
Oct,5223
Sep,9205
Nov,5975
Aug,7312
Jun,6827
Apr,9922
Feb,642
Aug,2303
Mar,3035
Oct,851
Apr,2211
May,8712
Apr,7376
Nov,9778
Aug,5799
Sep,646
Jan,5061
Feb,2657
Dec,1671
Apr,6684
Jan,8745
Nov,2791
Jun,7060
Dec,4874
May,159
Jul,9709
Dec,6311
Jun,1438
Mar,8758
May,7101
Mar,8048
Sep,2571
Feb,9011
Jun,9527
Sep,8854
Oct,9274
Jul,4620
May,8201
Feb,1830
Feb,4439
Apr,7979
Oct,8137
Dec,7900
Feb,3147
Dec,9649
Aug,5325
Oct,1885
Jul,2062
Jul,7346
Mar,9480
Jul,6065
Aug,2778
May,6205
Jan,5407
Jan,3223
Dec,3243
Nov,2900
Apr,423
Feb,2302
Jul,6302
Mar,7542
Dec,1894
Apr,2442
Sep,3145
Feb,1407
Dec,1555
Aug,9254
Jan,5491
Mar,2639
Apr,3718
Jun,2478
Jan,9166
Aug,2305
Feb,1239
May,3691
Jun,4814
Aug,4814
Mar,9837
Dec,4767
Sep,8557
Dec,8393
May,7954
Aug,7258
Apr,4073
Dec,9826
Sep,2369
Aug,2583
May,1313
Mar,4835
Jan,4529
May,9198
May,9873
Apr,9896
Oct,6095
Oct,669
Aug,8195
Mar,1645
Dec,1008
Oct,4562
Sep,4183
Mar,3440
Apr,7047
Jun,7139
Sep,7212
Oct,2525
Feb,7255
Feb,9305
Feb,6770
May,1972
Jun,5009
Mar,8497
Mar,915
Feb,165
Nov,2151
Jun,102
Jan,7526
Sep,424
Nov,6234
Oct,704
Apr,4991
Feb,2682
Dec,3222
Jun,8076
May,3214
Mar,446
Mar,3543
May,2354
Apr,8402
May,122
Feb,3916
Nov,1807
Jan,6815
May,6153
Nov,3915
Jan,9038
Mar,614
Aug,6387
Nov,3139
Aug,5961
Sep,2956
Jan,2441
Apr,8616
Jun,6436
Jul,3462
May,7906
Jul,3590
Nov,2607
Oct,8248
Aug,5267
Oct,3278
Jun,7531
Nov,3424
Apr,9854
Jan,1644
Nov,5951
May,8817
Oct,6272
Oct,4733
Oct,6386
Apr,9132
May,2365
Apr,9004
Sep,8358
Mar,9052
Mar,6387
Oct,5360
Jul,8756
Feb,4291
Sep,4999
Aug,1567
Dec,4952
Jun,6201
Sep,7647
Nov,2860
Mar,6521
Apr,1493
Jul,3793
Jan,5478
Jan,1799
Jan,1220
Dec,5429
Aug,1671
Jun,828
Mar,715
Oct,470
Jul,6867
Jun,5438
May,5042
Mar,9239
Apr,1219
Nov,9747
Nov,6431
Jan,7119
Sep,2522
May,7690
Feb,9632
Dec,9810
Nov,5925
Sep,6860
Dec,9002
Jul,4670
Aug,673
Mar,607
Jul,6835
Nov,2322
Jan,7788
Jun,1394
Oct,9989
Jun,887
Nov,4767
Oct,2333
Dec,8878
Jun,3750
Mar,3349
Jun,6171
Mar,4136
Oct,8847
Sep,1809
Jul,5312
Apr,1610
Mar,6003
Jun,8267
Sep,7652
Mar,3606
Aug,6178
Jun,6532
Apr,3733
May,1561
Mar,6014
Feb,6452
Sep,2271
Mar,8028
Jun,8694
May,8575
Oct,6906
Nov,6215
Aug,8532
May,4756
Nov,8992
Aug,2770
Nov,4460
May,2648
Nov,2426
Oct,2896
Jun,7146
May,2306
Feb,5279
Oct,1710
Oct,8779
Jun,564
Jul,4423
Mar,8957
Mar,5575
Dec,9781
Jul,7065
Nov,898
Oct,2900
Apr,3340
Feb,3455
Sep,4029
Sep,959
Jun,8655
Feb,7788
Mar,5122
May,7684
Nov,6502
Nov,9207
May,1874
Sep,3465
Oct,8114
Mar,8442
Feb,7525
Oct,3121
Aug,4337
Jul,6494
Dec,3917
Sep,9362
Mar,860
Jun,4551
May,4727
May,2839
Oct,7539
Aug,5648
Jan,6891
Jan,8016
Mar,6945
Nov,6967
Feb,9208
Feb,4043
Feb,3560
Apr,1592
Jan,3721
Oct,9018
Sep,9901
May,5118
May,8262
Sep,6850
May,4941
Nov,9231
Aug,7568
Nov,187
Jan,662
Jan,1368
Apr,9782
Aug,5661
Mar,6145
Jan,9864
Nov,4754
Dec,3271
Sep,7612
Sep,7952
Sep,2900
Sep,6946
Feb,5138
Nov,9549
Nov,4988
Nov,4880
Apr,1243
Feb,6803
Jul,847
Nov,7194
Mar,6545
Sep,3588
Jul,9437
Aug,2204
Sep,3956
Aug,5219
Jul,5358
Sep,2868
Nov,4159
Jan,1908
Nov,5580
Apr,509
Apr,745
May,1651
Aug,5462
Oct,1213
Jan,3687
Jun,161
Sep,9527
Oct,1827
Aug,4692
Feb,8268
Jul,3066
May,3460
Feb,5762
Nov,8170
Jan,9704
Feb,6800
Nov,3730
Oct,3969
Jun,5300
Nov,2139
Dec,7554
Aug,1407
Mar,6734
May,1824
Nov,5770
Feb,4790
Dec,2555
Aug,1041
Apr,7192
Nov,5395
Oct,7788
Dec,3161
Jun,9576
Mar,8687
Nov,3863
Aug,7794
Aug,9382
Mar,2988
Dec,4543
Sep,4106
Oct,1186
May,6599
Oct,1404
Sep,6610
Jul,1114
Oct,8512
Mar,5948
Jun,9418
Oct,8764
Feb,5220
Jun,515
Dec,1968
May,4212
Mar,1633
Jul,8022
Nov,1562
Apr,7798
Nov,1965
Jun,4109
Sep,8073
Dec,7810
Jun,8763
Apr,3277
Oct,2965
Feb,3297
Sep,2561
Apr,7882
Apr,3681
Feb,8792
May,8094
Jun,220
Oct,1875
Jun,706
Mar,8229
Dec,7475
Sep,919
Jul,883
Mar,1946
Apr,7660
Jul,491
Nov,7980
Aug,1232
Jun,4545
Apr,5418
Dec,5662
Feb,4539
Oct,776
Aug,6351
Jan,694
Sep,3424
Aug,6268
Mar,6526
Oct,7830
Apr,3034
Oct,5133
Apr,6863
Feb,6186
Dec,4433
Nov,939
Oct,2610
May,4787
Dec,2987
Mar,3143
Dec,1731
Nov,1505
Jan,7732
Feb,6215
Nov,6595
Dec,2589
Jul,4590
Jan,105
Dec,2681
Feb,8511
Oct,8303
Jul,2942
Jan,5604
Jul,6947
Aug,8749
Nov,8458
Feb,7383
Apr,2073
Jul,2295
Jan,7674
Jun,8243
May,7652
Nov,3928
Jun,5185
Aug,4837
Nov,339
Nov,9208
Jan,3052
Mar,955
Nov,3338
Sep,653
Dec,8234
Aug,9520
Apr,8486
Nov,7438
Oct,6094
Sep,9717
Jul,2793
Feb,2071
Jan,5502
Jan,8791
Mar,4214
Oct,3873
Feb,3747
Apr,8009
Aug,2966
May,786
May,2167
Jun,6007
Dec,547
May,9416
May,393
Jul,4260
Jun,2646
Oct,8367
Nov,7144
Feb,3875
Jan,9591
Jan,4278
Apr,3634
Feb,2153
Jun,7212
Dec,1799
Dec,2618
Sep,5668
Oct,6932
Nov,8661
Oct,3839
Aug,4473
Apr,439
Dec,2962
Feb,713
Jan,1203
Jul,9084
Oct,6846
Mar,8358
Jun,4611
May,7412
May,5505
Dec,670
Feb,8831
Sep,5456
Nov,216
Apr,7324
Oct,3131
Jan,3556
Feb,3151
Sep,9926
Jul,8533
Oct,8756
Feb,7907
Jul,7402
Apr,1978
Oct,4981
Feb,4736
Dec,2634
Apr,3909
May,8863
Apr,5705
Mar,7833
Jun,3741
Jan,756
Aug,3251
Dec,9240
May,4210
Aug,7307
Oct,406
Apr,8996
Apr,4592
May,8969
May,8502
Nov,4594
Jun,1496
May,3560
May,4453
Aug,2262
Jun,7776
Feb,4644
Apr,3248
Apr,927
May,2755
Jun,6811
Nov,8791
May,9353
Nov,7964
Jun,7625
Aug,5270
Apr,3596
Nov,6194
Mar,4322
Sep,9418
Mar,2089
Nov,6679
Aug,5604
Oct,4280
Dec,1482
May,4267
Sep,3266
Mar,2735
Oct,5645
Oct,9321
Aug,5309
Jul,9910
Dec,9527
Jul,5482
Nov,4083
Oct,1505
Sep,7837
Dec,6300
Aug,5842
Mar,6811
Jun,9839
Nov,1984
Jun,5272
May,2284
Mar,6417
Sep,7103
Jul,8510
Apr,7530
Jun,4450
May,9103
Jan,8561
Feb,6467
Jan,4799
Sep,9478
Sep,1833
May,3067
Aug,172
Oct,5093
Apr,6217
Jan,7985
Apr,5142
Jul,8161
Nov,730
Feb,5703
Feb,977
Jun,9048
Sep,4393
Mar,9742
Jul,2640
Oct,181
Sep,1431
Nov,8055
Sep,456
Nov,9611
Apr,679
Feb,745
Jan,6363
Jun,8599
May,333
Jun,1134
Jul,6117
Sep,5221
Oct,1835
Oct,4377
Nov,1041
Jun,449
Jun,1505
Mar,7564
Aug,1645
Sep,4420
Jan,1846
Jun,7996
Jul,1454
Nov,7430
Aug,4388
Dec,9460
Oct,4866
Nov,6057
Aug,6935
Jul,2685
Aug,4807
Nov,1000
Sep,3441
Oct,7794
Jul,227
Mar,1775
Sep,1877
Jan,5265
Aug,8525
Jun,683
Nov,1566
Mar,8794
Sep,6850
Jun,1255
Jul,9791
Nov,8060
Feb,1035
Jan,455
Jan,2094
Mar,5256
Nov,6381
Mar,9737
Aug,7509
Jul,5464
Oct,4074
Aug,2604
Jan,2246
Apr,7769
Aug,7404
Oct,1310
Feb,6279
Jul,8921
Aug,4982
Sep,6924
Jul,6298
Dec,9786
Sep,1207
Feb,5086
Nov,3534
Jan,8123
Jan,2915
Nov,7161
Dec,2135
Apr,6907
Jan,7073
Jul,269
Aug,8923
Mar,9096
Jan,5115
Mar,6997
Feb,3134
Jun,4580
Nov,3512
Jul,5088
Sep,7230
May,3969
Apr,6199
Jan,891
Nov,3941
Jun,3456
Nov,7622
Aug,5025
Apr,5174
Jan,6800
May,2194
Oct,6350
May,8907
Feb,5352
Jun,7103
Oct,4396
Sep,2401
Jun,5369
Aug,9864
Oct,604
Mar,2045
Oct,1961
Feb,3822
Apr,3783
Dec,503
Sep,4431
Sep,9911
Mar,3006
Dec,4828
Jan,7809
Jan,1669
Apr,239
Apr,4783
Nov,6830
Dec,5162
Oct,4765
Jun,2272
May,6179
Jun,3520
Oct,6377
Jul,1349
Jul,6164
Oct,2797
Oct,2853
Sep,5034
Jun,6565
Aug,3984
Feb,7354
Aug,194
Sep,4391
Apr,5880
May,5183
May,9967
Feb,8304
May,2401
Sep,4183
Apr,6219
Oct,6324
Mar,472
Jul,4589
Aug,5951
Oct,6128
Jun,8709
Jun,916
May,3712
Nov,7847
Jun,6450
Sep,7539
Feb,1432
Oct,6461
Nov,855
Mar,3625
Jan,1896
Apr,3159
Feb,2277
Jun,2150
Jan,2089
Aug,7618
Oct,8846
Jun,5909
Sep,5713
Dec,8557
Jun,9214
Oct,8825
Jul,6076
May,1793
Aug,2151
Aug,3020
Oct,4945
Sep,4267
Dec,6331
Jun,4723
Jan,9177
Sep,6846
Mar,6239
Sep,1558
Jul,3895
Dec,3510
Mar,4124
Sep,6369
Jul,662
Jul,6192
Jul,7092
Feb,7108
Nov,7896
Apr,5759
Oct,6184
Aug,3071
Dec,444
Feb,6711
Apr,7224
Oct,6384
Aug,2816
Dec,9964
Mar,5760
Dec,7332
Jun,4993
Dec,1219
Feb,2362
Aug,842
Aug,5101
Dec,5403
Jan,7430
Mar,882
Feb,196
Jul,8878
Jul,6761
Apr,5011
Dec,2338
Dec,9208
Aug,3449
Mar,2588
Sep,3893
May,7917
Feb,2937
Sep,2486
Jan,7496
Nov,1941
Aug,9494
Jun,5466
Dec,8164
Jan,4869
Apr,9021
Mar,416
Jul,7553
Jul,175
Jun,5169
Oct,303
Oct,7995
Dec,6667
Aug,7560
Jul,3875
Apr,8178
Jul,7024
Jan,7680
Mar,5658
Feb,4455
Jul,3151
Sep,2763
May,8723
Sep,7484
Dec,3262
Aug,8489
Jan,5178
Nov,138
Feb,9020
Jun,3265
May,4879
Nov,6286
Jul,2224
Sep,7499
Apr,4234
Aug,6394
Apr,3871
Mar,5638
Dec,3357
Feb,6561
Aug,5488
Nov,8000
Aug,1344
Nov,757
Dec,1799
Mar,4556
Jan,6168
Jun,8147
May,6063
Aug,6335
Jun,4635
Apr,7373
Oct,2076
Oct,8037
Dec,3769
Dec,4292
Nov,1037
Feb,5696
Aug,1389
May,4770
Dec,2250
Aug,7521
May,8804
Jun,1616
Oct,1504
May,4592
Nov,6270
Mar,2453
Oct,680
Aug,3429
Mar,8393
Apr,4650
Jun,3063
Feb,398
Jul,4216
May,144
Dec,7747
Oct,2643
May,3959
May,4878
Feb,4494
Nov,3652
Dec,3255
Oct,387
Sep,3805
Mar,616
Dec,2301
Jul,6677
May,8202
Oct,3758
Oct,7022
May,4386
Apr,4036
Oct,9461
Jun,1090
Jul,5071
Jul,7821
Nov,1951
Dec,8289
Aug,2809
May,4107
Jul,2721
Dec,2278
Apr,938
Sep,9847
May,9514
Mar,5034
May,9725
Sep,8204
Nov,7438
Aug,1268
Jan,7448
May,1047
Jun,260
Oct,2727
Nov,2635
Feb,2372
Jun,3563
Sep,4904
Apr,260
Mar,1884
Sep,6698
Feb,3282
Dec,3724
Sep,9058
Nov,2127
Oct,8476
Nov,1996
Nov,2504
Feb,2639
Nov,832
Oct,9913
Mar,677
Jul,2261
Feb,8669
Jan,3948
Sep,1408
Jun,941
Sep,2271
Dec,8447
Mar,6353
Mar,9994
Oct,3485
Dec,4921
Mar,5913
Feb,1513
Nov,144
Jun,1786
Mar,5336
May,6725
Nov,2825
May,9715
Oct,8109
Mar,4114
Mar,5880
Jan,4695
Jun,8365
Mar,3118
Jan,6392
Oct,1660
Sep,9183
Nov,9538
Jan,572
May,5535
May,2317
Feb,8992
Jan,152
Jun,3087
Jul,8430
Nov,9689
Nov,2237
Sep,927
Aug,8264
Oct,1348
Mar,4935
Sep,8477
Jan,3542
Jun,7502
Oct,3293
Feb,5028
Oct,9704
Sep,7696
Sep,3016
Aug,9307
Nov,4637
Jul,7151
Jun,5745
Feb,4361
Apr,2035
Oct,8141
Jul,9760
Jun,4638
Sep,4526
May,1458
Dec,1869
Dec,9481
Jun,1292
Oct,2916
Jun,6367
Aug,7125
Aug,4956
Jun,5317
Aug,1142
Jul,5343
Jan,8517
May,6855
Nov,6567
Oct,4077
Oct,1983
Oct,640
May,8937
Oct,5185
Sep,4901
Jul,4826
Jul,7122
Oct,1788
Feb,9146
Aug,6734
Mar,504
Sep,3443
Jun,7911
Sep,7118
Sep,8811
Jul,1507
Oct,9112
Dec,7130
Aug,7459
Feb,4630
May,8028
Mar,4167
Jan,6306
Jun,2281
Dec,3332
Sep,8716
Feb,1651
Sep,457
Aug,1694
Nov,5228
Sep,9302
May,8488
Feb,9325
Oct,9153
Oct,448
Jun,1758
Jul,8866
Mar,1919
Jun,6571
Jun,5981
Aug,6755
Jan,9222
Apr,4108
Jan,6143
Aug,583
Feb,4012
Aug,457
Mar,8545
Aug,9126
Jun,1290
Jan,9995
Jul,4664
Jul,6079
Jun,8784
Jan,3509
May,8343
Jan,8553
Jan,2008
Jun,3746
Aug,7815
Jan,2477
Feb,4436
May,5504
Aug,6058
Nov,1725
Apr,5518
May,9520
Oct,4486
May,6454
Mar,1489
Jun,6009
May,1587
Feb,6601
Oct,9208
Apr,810
Nov,1986
Apr,2316
Jul,1420
Jul,8006
Sep,4545
Oct,4931
Dec,7917
Feb,7084
Jun,8692
Feb,850
Sep,5694
Feb,7271
Jun,7591
Aug,1987
Jun,3785
Dec,1518
Mar,2703
May,3871
Apr,5200
Jan,9937
May,3587
Oct,9105
Dec,6010
May,6408
Jul,4833
Dec,3269
Jul,1123
Feb,9801
Apr,1493
Jan,5339
May,2446
May,955
Apr,9458
Oct,2854
Dec,1765
Dec,4138
Jul,3787
Jun,1216
Oct,4642
Mar,833
Feb,3021
Apr,9998
Sep,3598
Oct,9416
May,4817
Jan,4954
Nov,1958
Mar,5573
Sep,2613
Jul,5060
Mar,3615
Jan,2416
Apr,2114
Sep,2267
Dec,3128
Jul,9435
May,4331
Nov,3248
Jun,7621
Jan,9227
Jul,100
Dec,8368
May,7711
Jul,2728
May,6234
May,673
Mar,1648
May,8477
Aug,6145
Aug,3592
Feb,8325
Nov,7939
Jan,9912
Feb,5789
Nov,1996
Jul,2555
Mar,5516
Aug,5483
Apr,1505
Oct,4638
Oct,1286
Aug,2239
Feb,2778
May,3894
Jun,2819
Jan,8148
Jan,4702
Sep,4550
May,4057
Apr,6169
Jan,8779
Mar,378
Apr,2691
Nov,8941
Nov,454
May,2342
Oct,4999
Dec,6336
May,2580
Oct,657
Aug,3586
Mar,261
Jul,6344
Jun,798
Oct,3644
Nov,3877
Oct,2305
Oct,591
Nov,2092
Jun,1132
Oct,3383
Sep,6116
Jul,5019
Nov,6074
Jul,9077
Nov,1933
Jan,1091
Jan,7084
Sep,6446
Sep,1883
Dec,5284
Nov,1284
Oct,1768
Mar,6933
Nov,5924
Nov,671
Aug,4400
Sep,3838
Jan,683
Dec,7423
Mar,8599
Jun,8353
Apr,7640
Aug,5679
Sep,4670
Jul,5791
Nov,2059
Jan,8130
Feb,5226
Jan,3862
Sep,2886
Apr,1642
Oct,1775
Aug,133
May,2899
May,7596
May,1955
Nov,7023
May,2785
Mar,1157
Jun,7038
Jan,4601
Aug,7697
Apr,6671
Jun,4488
Feb,6122
Feb,2727
Aug,3920
Jan,7347
Aug,3743
Oct,6291
Oct,3862
Jan,6087
Sep,8898
Jan,2455
Apr,1433
Sep,4108
Jan,2573
Sep,6243
Aug,3833
May,2186
Jun,3450
May,8667
Apr,2052
Dec,3810
Oct,1793
Dec,8363
Apr,1874
Oct,673
Aug,6585
Aug,4764
Sep,5159
Mar,5462
Oct,4166
Aug,6571
Mar,6213
Feb,8444
Feb,5474
Sep,9020
Apr,9844
May,3763
Feb,6794
Sep,6241
Jul,6386
Mar,6260
Jun,9291
Jul,7242
Dec,5121
Jun,6970
Oct,6408
Nov,9426
Oct,4842
Jun,3245
Aug,8243
Aug,2815
May,8645
Apr,5493
Nov,9594
May,4182
Sep,3831
Dec,8801
Oct,1637
Jun,8192
Mar,277
Mar,2476
Jan,7838
May,9092
Jun,6931
Aug,3343
Nov,3766
Sep,1037
Jul,3127
Jan,2120
Jul,7302
Oct,2074
Sep,9810
Apr,1358
Nov,7152
Dec,3210
Jul,9534
Sep,2853
Jan,5894
Dec,2775
Oct,519
Sep,8944
Apr,2971
Dec,967
Aug,8465
Mar,8104
Feb,4832
Dec,9851
Aug,4227
Aug,4692
Mar,2342
Aug,2588
Nov,1612
Nov,5716
Jun,2871
Oct,1743
Sep,123
Oct,2437
Jun,3043
Aug,8122
Feb,4826
Jan,1816
Oct,7194
Oct,4233
Feb,6629
Dec,844
Apr,4277
Oct,8285
Sep,6040
Jul,149
Sep,6912
Sep,6317
Sep,3149
Aug,5325
Jun,7968
Nov,3989
Oct,8051
Jul,9914
Feb,7735
Nov,5875
Jan,3455
May,9305
Aug,8445
Mar,6361
Jul,2414
May,3556
Dec,7508
Oct,4366
Aug,8908
Jun,3149
Jun,4743
Jul,5404
Jul,2025
Apr,6945
Oct,6910
Dec,2557
Oct,6982
Oct,7920
Aug,9903
Jun,4341
Nov,3209
Aug,5345
Jul,9919
Jan,8063
Apr,4540
Jul,7710
Sep,2098
Feb,1231
May,2092
Sep,8147
Sep,8805
Jun,5140
Jul,812
Sep,314
Oct,5846
Aug,8895
Oct,7081
Jun,3869
Jun,4967
Jul,8961
Jul,1180
Feb,9717
Sep,574
Apr,9423
Oct,962
Sep,9103
Dec,4372
Nov,8778
Oct,8983
Mar,3208
May,367
May,9076
Jul,3973
Dec,6631
Apr,2501
Nov,5009
Dec,2416
Apr,8276
Jan,7709
Jun,1301
Apr,5286
Nov,376
Oct,5427
Oct,8598
May,730
Nov,2685
Sep,6761
Apr,7541
Jan,7500
Nov,1237
Sep,7068
May,1813
Oct,9340
Dec,9875
Nov,3451
Jul,8193
Mar,6315
Apr,9243
Dec,1324
Oct,5545
Sep,8324
Oct,196
Jan,4458
Dec,3241
Nov,8080
May,271
Aug,4953
Oct,9192
Jul,9033
Apr,5531
Jul,7637
Jan,8682
Jun,1058
Sep,4770
Mar,8635
Apr,3581
Aug,1669
Dec,8031
May,8747
May,5642
Jan,8735
Jun,3581
Feb,8031
Jan,5793
Jun,1517
May,5956
May,7776
Sep,7111
Dec,6809
Oct,770
Oct,5513
Mar,6101
Jan,2384
Aug,5540
Dec,8391
May,2887
Nov,7957
May,507
Aug,1077
Aug,5653
Nov,8434
Feb,7552
Mar,9011
Oct,9751
Oct,8709
Jan,9396
Mar,644
Dec,7253
Apr,7060
Nov,7644
Jul,6402
Sep,6005
Dec,9064
May,9985
Dec,9360
Jan,4323
Feb,1673
Oct,5072
Feb,3893
Sep,7619
Oct,2753
Jul,640
Feb,2311
Jan,9850
May,8422
Dec,5643
Jan,3920
Sep,2331
Mar,9117
Feb,2818
Jun,7790
Mar,1122
May,5454
Oct,4326
Aug,8988
Oct,9329
Feb,913
Dec,3937
May,8950
Nov,1183
Aug,3074
Jan,9475
Oct,5666
Oct,6781
Nov,2724
Dec,5605
Dec,7649
Apr,2832
May,2097
Oct,9540
Dec,7775
Nov,7877
Mar,4443
Dec,8303
Feb,3707
Dec,9028
Mar,609
Nov,9560
May,6194
Jul,5845
Feb,4916
Jul,3142
Jun,5010
Jul,6672
Jul,1158
Sep,4400
Jul,9181
Dec,5603
Jun,3052
Oct,5796
Aug,7710
Jul,2844
Jun,9800
Apr,7737
Jul,3133
Dec,6134
Aug,9424
Aug,1301
Dec,348
Dec,8103
Apr,5376
Oct,8521
Sep,2775
Mar,9576
Sep,2975
Mar,8612
Jul,7394
Apr,127
May,609
Mar,740
Feb,3350
Dec,3847
Aug,2819
Jul,4003
Jul,5105
Aug,9603
Jan,3436
Dec,9782
Aug,1518
Oct,7699
Dec,9750
May,3559
Aug,5004
Sep,7412
Feb,7442
Mar,9629
Jun,5348
Sep,3181
Oct,446
Oct,216
Aug,9712
Jun,3182
May,1731
Mar,2099
Dec,8159
Apr,7369
Jul,8232
Jul,6198
Mar,9098
Apr,7103
Mar,1791
Feb,2804
Jun,5640
Jul,3535
Apr,8502
May,9982
Aug,1877
Sep,3247
Jul,8157
Oct,2599
Jan,786
Nov,5166
Mar,9221
Nov,9606
May,2933
Mar,2345
Jan,1285
Feb,2564
Aug,8675
Jul,1621
Oct,1079
Mar,4277
Apr,3710
Mar,7571
Apr,5800
Aug,7673
Sep,2053
Jul,5646
Sep,9776
Sep,983
Jul,4923
Jul,223
Aug,625
Dec,2186
Oct,6511
Dec,6199
Dec,9668
Mar,4506
Aug,4235
Jan,8126
Jun,4976
Feb,8872
Jul,2093
Mar,4625
Nov,8748
Oct,9743
May,303
Oct,4313
Feb,6023
Jan,6465
May,5092
Sep,6306
Sep,7601
Jul,7559
Sep,2292
Apr,5149
Mar,2809
Nov,9474
Apr,2928
Jul,9250
Aug,4174
Feb,6050
May,168
May,1737
Sep,5763
Mar,8493
Dec,8557
Jun,6351
Oct,3225
Dec,7194
May,7605
Feb,6433
Feb,338
Apr,5146
Dec,8117
Apr,390
Jul,6564
Dec,1908
Jan,1054
Nov,7132
Jun,2030
Nov,7089
Sep,8575
Feb,9098
Dec,7879
May,5230
Oct,6685
Nov,2776
Oct,3671
Apr,3859
Apr,9910
Aug,5221
Jun,9100
Jul,3886
Nov,1041
Dec,8331
Sep,1438
Mar,4752
Nov,1421
Feb,1754
Mar,3168
Aug,4838
Sep,6693
Oct,8686
May,891
Aug,6776
Nov,843
Jul,6624
Dec,6674
Dec,293
Sep,7994
Apr,4374
Oct,3997
Mar,8509
Sep,3682
Aug,5183
Jul,8229
Jan,5443
Feb,7617
Sep,7889
May,4003
Jan,1885
Sep,8062
Jan,9474
Aug,623
May,3396
Nov,7056
Dec,4579
Jun,7811
Jan,5785
Feb,6747
Jul,8660
Feb,7894
May,5690
Nov,4483
Sep,498
May,2251
Dec,5530
Mar,3980
Nov,226
Jun,2187
Jul,1870
Oct,7125
Nov,8538
Oct,6025
Nov,3418
Aug,2181
Mar,2157
Nov,5387
Apr,6003
Oct,5435
Apr,3089
Feb,7675
Jul,5821
Dec,7178
Apr,439
Apr,2828
Dec,1691
Aug,7943
Jun,5883
Jun,3261
Nov,9600
Sep,8275
Apr,4729
Sep,7001
Jan,2397
Nov,5550
Sep,7390
Jan,5044
Jul,9801
Jun,5418
Jul,3907
Sep,112
Oct,4134
Apr,5630
Dec,9872
Sep,3533
Mar,4733
Oct,2151
Nov,3976
Nov,6008
Sep,6230
Jan,6527
May,1923
Oct,3530
May,2840
Jan,1888
Jan,2052
Mar,9243
Sep,3520
Jul,3127
Jun,3201
Sep,5973
Apr,3688
Apr,3945
Mar,5837
May,9439
May,1517
Dec,4009
Oct,4845
Jul,2872
Jul,5275
Jun,6375
Apr,2349
Jul,3958
Feb,1725
Dec,2849
Sep,2705
Jul,1947
Feb,7307
Oct,8870
Feb,1236
Jun,3233
Nov,1257
Jul,7552
Sep,9941
Apr,7375
Aug,5513
Oct,4472
Feb,5711
Jun,1686
Apr,2423
Aug,333
Sep,9557
Feb,8016
Jul,131
Jul,9663
Aug,9051
May,3303
Nov,5994
Mar,1894
Jan,861
Apr,4180
Mar,381
Feb,4171
Jun,4725
Jul,6078
Oct,9107
Jul,4659
Dec,1570
Aug,3387
Feb,4359
Nov,5806
Dec,610
Oct,8061
Jun,8846
Jun,6884
Oct,9598
Dec,5593
Jan,358
Feb,6688
Sep,9516
Aug,1765
Dec,9695
Apr,1965
Jun,865
Feb,8356
Dec,3549
May,2805
Feb,5865
May,5074
Jul,295
Jul,1483
Sep,2535
Mar,1550
Dec,8514
Apr,8024
Sep,7158
Aug,7416
Dec,5728
Jul,541
Aug,9729
Sep,2467
Dec,4965
Apr,9174
May,7259
Sep,550
Jul,7139
Apr,5298
Jun,9034
Nov,7386
Jan,9836
Jan,3450
Sep,2929
Aug,2713
Jan,2015
Nov,7312
Feb,9540
Apr,627
Jan,4919
Feb,7979
May,8532
Aug,8656
Jun,1308
Jun,4220
Apr,6576
Feb,3061
Mar,4876
Jun,2517
Jun,1716
May,9327
Jun,9011
Nov,4782
Jun,9265
Jan,6925
Jun,1946
May,1471
Aug,1566
Sep,8982
Jun,187
Dec,2612
Dec,8785
Oct,1345
Apr,6216
Mar,9433
Oct,4331
Dec,1077
Jan,8833
Jul,6822
May,9694
Apr,9102
Sep,4607
Jul,3592
Oct,5025
Aug,1233
Apr,4965
Oct,7869
Dec,8860
Oct,3100
Aug,9613
Apr,7766
Jan,6804
Nov,7465
Aug,6732
Jan,1867
Dec,2174
Mar,1241
Jul,1177
Mar,4699
Aug,6220
May,8443
Mar,4932
May,8770
May,1785
Aug,3591
Dec,1471
Sep,5559
Jun,3523
Oct,9988
Mar,4076
Feb,1498
Nov,5461
Mar,1501
Sep,1512
Jul,6530
Nov,3330
Nov,7621
Sep,5949
Jun,6156
Aug,4822
Oct,8209
Nov,1364
Sep,2359
Mar,462
Jul,6376
Sep,9824
Feb,6520
Dec,5484
Jul,6848
May,9675
Aug,7931
Apr,766
Jan,2912
Nov,2575
Oct,7073
Aug,3200
Jun,3501
Aug,5115
Mar,2651
Aug,2251
Aug,6737
Dec,487
Jan,5964
Apr,3261
Jul,2480
Nov,8668
Jan,4435
Mar,1380
Mar,843
Jun,7456
May,3586
Dec,8123
Nov,1168
Jul,9300
Mar,7071
Nov,7626
Jan,8634
Nov,730
Mar,397
Aug,8248
May,8989
Mar,5416
Aug,1605
Jun,2925
Mar,8670
May,8997
Jan,2514
Jun,5756
Dec,9062
Sep,9386
Dec,5247
Jul,4544
Nov,7647
Aug,9523
Jun,1546
Nov,2502
May,5742
Dec,1926
Jun,8018
Jul,3947
Sep,1192
Aug,4777
May,1820
Jul,982
Aug,223
Jan,3590
Aug,5897
Nov,702
Jul,3931
Nov,5560
Dec,8596
Dec,7046
Feb,3328
Feb,9543
Dec,9228
Jun,6608
Mar,2413
Jan,3389
Aug,7096
Jul,4944
Apr,2298
Jan,8977
Feb,4335
Sep,8346
Apr,3312
Mar,4269
Aug,3306
Apr,741
Jul,4939
May,6269
May,7755
Nov,161
Jun,1323
Dec,592
Apr,6922
Feb,6711
Jun,1239
May,5590
Mar,6894
Apr,1355
Mar,2595
Mar,3385
Apr,2355
Feb,9293
Apr,1225
Oct,3981
Nov,4205
Feb,1246
Oct,886
Aug,358
Oct,3949
May,6530
Jul,6274
Nov,4716
Apr,8280
Oct,815
Jun,1743
Dec,223
Oct,1873
Apr,9213
Jun,2277
Jan,6989
Jun,1603
Jun,5761
Feb,7194
Dec,2224
Oct,3354
Oct,2513
Sep,4487
Jun,6189
Dec,5933
Nov,256
Jul,9415
Feb,5103
Feb,5853
Feb,1017
Oct,6353
Nov,1802
Sep,1765
Mar,5489
Apr,7263
Jan,5907
Jan,2211
Apr,3814
Feb,7083
Aug,5210
Apr,2497
Mar,5554
Mar,1655
Jun,4602
Dec,443
Jun,1644
Jun,4096
Jun,6948
Aug,8330
Aug,4482
Sep,8146
Jan,5086
Oct,3523
Aug,9320
May,335
Mar,8093
Nov,9260
Oct,5324
Mar,1330
Jun,338
Aug,5024
Oct,151
Feb,9672
Dec,1156
Sep,8313
May,8598
May,7709
Jan,2709
Jun,3700
Nov,2065
Nov,6632
May,3678
Jul,5661
Jul,2643
Apr,604
May,8428
Oct,5184
Aug,9594
Feb,4114
Jan,6407
Jun,3714
Nov,5242
Apr,6171
Oct,4906
Mar,606
Jul,9825
Aug,4103
Nov,8999
Dec,9915
Apr,7711
Dec,1807
Dec,8593
Oct,2544
Dec,8609
Nov,6006
Nov,3055
Jun,3027
Nov,957
Nov,2820
Feb,3122
Aug,8968
Jun,478
Nov,8508
Sep,6158
Nov,7518
Jun,5063
Jun,4951
Dec,3089
Feb,3930
May,5503
Sep,9798
Jan,6950
Apr,9582
Oct,2039
Oct,4794
Mar,7425
Jan,7815
Jan,8527
Jan,7727
Jan,4295
Feb,2886
Nov,1477
May,2855
Feb,2183
Apr,4509
Sep,6670
Mar,4712
Feb,6207
Apr,4204
Sep,3649
Apr,4252
Dec,7757
May,5578
Apr,2741
Aug,5125
Apr,7864
Feb,2212
Dec,3600
Apr,6087
Feb,7724
Sep,9301
Nov,1729
Aug,9141
Sep,7461
Apr,6360
Jan,7022
Mar,7266
Jul,578
Jan,1410
Nov,2243
Aug,513
Sep,9948
Aug,4036
May,8287
Dec,1494
Nov,2723
Dec,2390
Sep,738
Apr,452
Sep,239
Jan,8543
Dec,8960
Nov,3942
Mar,8608
Apr,4118
Nov,3026
Oct,6992
Jan,7342
Dec,1152
Jun,3663
Apr,9415
Apr,1443
Jan,669
May,7790
Sep,4016
Jun,9292
Aug,3023
Nov,4645
Apr,4025
Sep,3352
Jul,7658
Jul,3492
Aug,2717
Feb,6035
Dec,4455
Jun,2113
Jul,2027
Mar,5432
Aug,6358
Jan,4647
Jan,7015
Oct,3819
Mar,9843
Jun,1782
Jul,484
Feb,4808
Jun,3136
Dec,7123
May,4752
Jun,4545
Jan,489
Oct,3018
Jul,2213
Aug,1242
Jul,845
Sep,6251
Jan,1830
Oct,4485
Sep,4223
Nov,3330
Nov,2614
Mar,1869
Feb,8399
Jun,2586
Nov,4398
May,9068
Apr,8092
Apr,6544
Aug,6121
Oct,6146
Mar,8729
Jan,9326
May,936
Aug,4802
Mar,741
Feb,3274
Jan,1908
Apr,7753
Nov,6353
Feb,3975
Aug,8934
Nov,8994
Oct,2948
Dec,3712
Sep,7162
Oct,9140
Jan,2654
Feb,6420
Jun,1562
Oct,6062
Dec,6911
Jul,610
Feb,2256
Aug,3019
Oct,5291
Sep,6732
Aug,9024
Sep,1337
Jun,1580
Nov,2110
Jul,6997
Jun,5729
Jul,4857
Mar,7590
Apr,2835
Sep,4299
Mar,7386
Feb,6300
Dec,677
Nov,8179
Jul,918
Jun,7288
Mar,4274
Jun,1989
Jul,658
Jun,3033
Jan,9911
Dec,6931
Jan,6049
Sep,7743
Jun,169
Dec,1289
Feb,3002
Nov,4440
Jan,8975
Nov,5995
Dec,7650
Feb,5797
Aug,4010
May,8362
Jul,6084
Jul,7815
Feb,9554
Apr,7847
Feb,2255
Jul,8056
May,9663
Jan,2015
Feb,8018
Jun,4451
Apr,7568
Jul,7167
Feb,5364
Dec,5895
Feb,9839
Dec,4555
Jun,7791
Aug,1313
Jan,6539
May,9152
Jan,9281
Nov,3023
Jun,1532
Jul,440
Jun,7481
Sep,1298
Mar,9759
Aug,4396
Mar,8286
Nov,4293
Dec,8213
Jul,9583
May,5034
Dec,8643
Jan,6710
Nov,9593
Dec,3187
Apr,6173
Nov,555
Sep,5953
Aug,3350
Mar,9449
Feb,357
Nov,581
Sep,4830
Jan,1496
Sep,5518
Dec,5271
Jul,6173
Dec,7159
Feb,6555
Nov,6302
May,6278
Feb,747
May,1711
Jul,3984
May,5082
Feb,3686
Nov,7773
May,6180
Dec,858
Dec,732
Oct,7948
Jun,429
May,5546
Feb,8301
Jun,1084
Jun,768
Dec,541
Feb,3025
Apr,4120
Jul,5777
Jan,8565
Jan,4813
Nov,9318
Dec,2473
Nov,9849
Jun,3226
Jul,3033
Dec,8739
May,3468
Dec,6616
Oct,3906
Aug,5355
Nov,8166
Apr,8361
Mar,4685
Jul,4698
Apr,5917
Jan,216
Nov,1913
Aug,1003
May,8785
Aug,6305
Aug,3958
Dec,2783
May,4275
Aug,3830
Jul,6728
Mar,5241
Apr,5543
Nov,1640
Dec,8188
Jul,8059
Apr,725
Jun,6072
Dec,6262
Feb,6897
Dec,4958
Feb,937
Mar,2115
Oct,5256
Jul,8363
Mar,7334
Dec,4848
Mar,163
Apr,8321
Oct,4752
Jun,6889
Jan,7283
Jun,2425
Aug,5950
Dec,4472
Aug,6464
Jun,4865
Jun,7291
Mar,2979
Feb,2288
Jul,2881
Aug,2245
Oct,375
Jun,1366
May,6676
Apr,4204
Jan,2419
Sep,131
Nov,951
Oct,8896
Apr,5968
Feb,7820
Apr,1907
Nov,6295
May,6431
Feb,6163
Jul,7511
Mar,3662
Aug,3298
Apr,4604
Dec,8085
Nov,6834
May,7089
Mar,3047
Nov,4223
May,4883
Sep,5699
Nov,171
Feb,9428
Jul,5616
Oct,8334
Aug,4460
Mar,1931
Nov,145
Apr,8274
Nov,7492
